date,country,SiteName,Technology,updatedby,updatetime,Volume
2024-01-01,France,Blenod-5,Gas,petroineos,2026-06-04 08:24:55.568636,6753.0
2024-01-01,Great Britain,Hornsea-1,Wind,petroineos,2026-06-04 08:24:55.513189,260.166079
2024-01-01,Great Britain,Hornsea-2,Wind,petroineos,2026-06-04 08:24:55.513189,85.60342828
2024-01-01,Great Britain,Pembroke-1,Gas,petroineos,2026-06-04 08:24:55.531654,6570.0
2024-01-01,Great Britain,Pembroke-2,Gas,petroineos,2026-06-04 08:24:55.531654,8398.0
2024-01-02,France,Blenod-5,Gas,petroineos,2026-06-04 08:24:55.568636,3896.0
2024-01-02,Great Britain,Hornsea-1,Wind,petroineos,2026-06-04 08:24:55.513189,709.48082
2024-01-02,Great Britain,Hornsea-2,Wind,petroineos,2026-06-04 08:24:55.513189,379.7822219
2024-01-02,Great Britain,Pembroke-1,Gas,petroineos,2026-06-04 08:24:55.531654,8068.0
2024-01-02,Great Britain,Pembroke-2,Gas,petroineos,2026-06-04 08:24:55.531654,8941.0
2024-01-03,France,Blenod-5,Gas,petroineos,2026-06-04 08:24:55.568636,3636.0
2024-01-03,Great Britain,Hornsea-1,Wind,petroineos,2026-06-04 08:24:55.513189,431.5276805
2024-01-03,Great Britain,Hornsea-2,Wind,petroineos,2026-06-04 08:24:55.513189,260.832893
2024-01-03,Great Britain,Pembroke-1,Gas,petroineos,2026-06-04 08:24:55.531654,7225.0
2024-01-03,Great Britain,Pembroke-2,Gas,petroineos,2026-06-04 08:24:55.531654,8626.0
2024-01-04,France,Blenod-5,Gas,petroineos,2026-06-04 08:24:55.568636,5138.0
2024-01-04,Great Britain,Hornsea-1,Wind,petroineos,2026-06-04 08:24:55.513189,223.8684725
2024-01-04,Great Britain,Hornsea-2,Wind,petroineos,2026-06-04 08:24:55.513189,-550.3079269
2024-01-04,Great Britain,Pembroke-1,Gas,petroineos,2026-06-04 08:24:55.531654,5390.0
2024-01-04,Great Britain,Pembroke-2,Gas,petroineos,2026-06-04 08:24:55.531654,6347.0
2024-01-05,France,Blenod-5,Gas,petroineos,2026-06-04 08:24:55.568636,5265.0
2024-01-05,Great Britain,Hornsea-1,Wind,petroineos,2026-06-04 08:24:55.513189,686.9850089
2024-01-05,Great Britain,Hornsea-2,Wind,petroineos,2026-06-04 08:24:55.513189,-523.8998475
2024-01-05,Great Britain,Pembroke-1,Gas,petroineos,2026-06-04 08:24:55.531654,6720.0
2024-01-05,Great Britain,Pembroke-2,Gas,petroineos,2026-06-04 08:24:55.531654,5204.0
2024-01-06,France,Blenod-5,Gas,petroineos,2026-06-04 08:24:55.568636,5052.0
2024-01-06,Great Britain,Hornsea-1,Wind,petroineos,2026-06-04 08:24:55.513189,482.9389507
2024-01-06,Great Britain,Hornsea-2,Wind,petroineos,2026-06-04 08:24:55.513189,521.654297
2024-01-06,Great Britain,Pembroke-1,Gas,petroineos,2026-06-04 08:24:55.531654,7354.0
2024-01-06,Great Britain,Pembroke-2,Gas,petroineos,2026-06-04 08:24:55.531654,7311.0
2024-01-07,France,Blenod-5,Gas,petroineos,2026-06-04 08:24:55.568636,6136.0
2024-01-07,Great Britain,Hornsea-1,Wind,petroineos,2026-06-04 08:24:55.513189,391.9681302
2024-01-07,Great Britain,Hornsea-2,Wind,petroineos,2026-06-04 08:24:55.513189,476.9700995
2024-01-07,Great Britain,Pembroke-1,Gas,petroineos,2026-06-04 08:24:55.531654,6613.0
2024-01-07,Great Britain,Pembroke-2,Gas,petroineos,2026-06-04 08:24:55.531654,8512.0
2024-01-08,France,Blenod-5,Gas,petroineos,2026-06-04 08:24:55.568636,5554.0
2024-01-08,Great Britain,Hornsea-1,Wind,petroineos,2026-06-04 08:24:55.513189,478.3591693
2024-01-08,Great Britain,Hornsea-2,Wind,petroineos,2026-06-04 08:24:55.513189,853.0502171
2024-01-08,Great Britain,Pembroke-1,Gas,petroineos,2026-06-04 08:24:55.531654,8739.0
2024-01-08,Great Britain,Pembroke-2,Gas,petroineos,2026-06-04 08:24:55.531654,5353.0
2024-01-09,France,Blenod-5,Gas,petroineos,2026-06-04 08:24:55.568636,3533.0
2024-01-09,Great Britain,Hornsea-1,Wind,petroineos,2026-06-04 08:24:55.513189,730.1891955
2024-01-09,Great Britain,Hornsea-2,Wind,petroineos,2026-06-04 08:24:55.513189,353.8227219
2024-01-09,Great Britain,Pembroke-1,Gas,petroineos,2026-06-04 08:24:55.531654,7078.0
2024-01-09,Great Britain,Pembroke-2,Gas,petroineos,2026-06-04 08:24:55.531654,8133.0
2024-01-10,France,Blenod-5,Gas,petroineos,2026-06-04 08:24:55.568636,5835.0
2024-01-10,Great Britain,Hornsea-1,Wind,petroineos,2026-06-04 08:24:55.513189,108.9094077
2024-01-10,Great Britain,Hornsea-2,Wind,petroineos,2026-06-04 08:24:55.513189,381.8532617
2024-01-10,Great Britain,Pembroke-1,Gas,petroineos,2026-06-04 08:24:55.531654,6384.0
2024-01-10,Great Britain,Pembroke-2,Gas,petroineos,2026-06-04 08:24:55.531654,5684.0
2024-01-11,France,Blenod-5,Gas,petroineos,2026-06-04 08:24:55.568636,4914.0
2024-01-11,Great Britain,Hornsea-1,Wind,petroineos,2026-06-04 08:24:55.513189,788.0407364
2024-01-11,Great Britain,Hornsea-2,Wind,petroineos,2026-06-04 08:24:55.513189,258.9121837
2024-01-11,Great Britain,Pembroke-1,Gas,petroineos,2026-06-04 08:24:55.531654,7589.0
2024-01-11,Great Britain,Pembroke-2,Gas,petroineos,2026-06-04 08:24:55.531654,7648.0
2024-01-12,France,Blenod-5,Gas,petroineos,2026-06-04 08:24:55.568636,6393.0
2024-01-12,Great Britain,Hornsea-1,Wind,petroineos,2026-06-04 08:24:55.513189,900.6480505
2024-01-12,Great Britain,Hornsea-2,Wind,petroineos,2026-06-04 08:24:55.513189,631.6111419
2024-01-12,Great Britain,Pembroke-1,Gas,petroineos,2026-06-04 08:24:55.531654,5647.0
2024-01-12,Great Britain,Pembroke-2,Gas,petroineos,2026-06-04 08:24:55.531654,6145.0
2024-01-13,France,Blenod-5,Gas,petroineos,2026-06-04 08:24:55.568636,6360.0
2024-01-13,Great Britain,Hornsea-1,Wind,petroineos,2026-06-04 08:24:55.513189,450.2771879
2024-01-13,Great Britain,Hornsea-2,Wind,petroineos,2026-06-04 08:24:55.513189,892.3861654
2024-01-13,Great Britain,Pembroke-1,Gas,petroineos,2026-06-04 08:24:55.531654,7192.0
2024-01-13,Great Britain,Pembroke-2,Gas,petroineos,2026-06-04 08:24:55.531654,8647.0
2024-01-14,France,Blenod-5,Gas,petroineos,2026-06-04 08:24:55.568636,5534.0
2024-01-14,Great Britain,Hornsea-1,Wind,petroineos,2026-06-04 08:24:55.513189,345.2368978
2024-01-14,Great Britain,Hornsea-2,Wind,petroineos,2026-06-04 08:24:55.513189,408.9103229
2024-01-14,Great Britain,Pembroke-1,Gas,petroineos,2026-06-04 08:24:55.531654,6325.0
2024-01-14,Great Britain,Pembroke-2,Gas,petroineos,2026-06-04 08:24:55.531654,5970.0
2024-01-15,France,Blenod-5,Gas,petroineos,2026-06-04 08:24:55.568636,4809.0
2024-01-15,Great Britain,Hornsea-1,Wind,petroineos,2026-06-04 08:24:55.513189,897.1257019
2024-01-15,Great Britain,Hornsea-2,Wind,petroineos,2026-06-04 08:24:55.513189,566.7478953
2024-01-15,Great Britain,Pembroke-1,Gas,petroineos,2026-06-04 08:24:55.531654,8609.0
2024-01-15,Great Britain,Pembroke-2,Gas,petroineos,2026-06-04 08:24:55.531654,7241.0
2024-01-16,France,Blenod-5,Gas,petroineos,2026-06-04 08:24:55.568636,6890.0
2024-01-16,Great Britain,Hornsea-1,Wind,petroineos,2026-06-04 08:24:55.513189,675.5370319
2024-01-16,Great Britain,Hornsea-2,Wind,petroineos,2026-06-04 08:24:55.513189,531.1907346
2024-01-16,Great Britain,Pembroke-1,Gas,petroineos,2026-06-04 08:24:55.531654,5487.0
2024-01-16,Great Britain,Pembroke-2,Gas,petroineos,2026-06-04 08:24:55.531654,7668.0
2024-01-17,France,Blenod-5,Gas,petroineos,2026-06-04 08:24:55.568636,4912.0
2024-01-17,Great Britain,Hornsea-1,Wind,petroineos,2026-06-04 08:24:55.513189,790.0488941
2024-01-17,Great Britain,Hornsea-2,Wind,petroineos,2026-06-04 08:24:55.513189,275.2458937
2024-01-17,Great Britain,Pembroke-1,Gas,petroineos,2026-06-04 08:24:55.531654,6444.0
2024-01-17,Great Britain,Pembroke-2,Gas,petroineos,2026-06-04 08:24:55.531654,8832.0
2024-01-18,France,Blenod-5,Gas,petroineos,2026-06-04 08:24:55.568636,3295.0
2024-01-18,Great Britain,Hornsea-1,Wind,petroineos,2026-06-04 08:24:55.513189,626.4812484
2024-01-18,Great Britain,Hornsea-2,Wind,petroineos,2026-06-04 08:24:55.513189,442.5881167
2024-01-18,Great Britain,Pembroke-1,Gas,petroineos,2026-06-04 08:24:55.531654,6492.0
2024-01-18,Great Britain,Pembroke-2,Gas,petroineos,2026-06-04 08:24:55.531654,6995.0
2024-01-19,France,Blenod-5,Gas,petroineos,2026-06-04 08:24:55.568636,4808.0
2024-01-19,Great Britain,Hornsea-1,Wind,petroineos,2026-06-04 08:24:55.513189,44.93792871
2024-01-19,Great Britain,Hornsea-2,Wind,petroineos,2026-06-04 08:24:55.513189,820.5583359
2024-01-19,Great Britain,Pembroke-1,Gas,petroineos,2026-06-04 08:24:55.531654,7944.0
2024-01-19,Great Britain,Pembroke-2,Gas,petroineos,2026-06-04 08:24:55.531654,5902.0
2024-01-20,France,Blenod-5,Gas,petroineos,2026-06-04 08:24:55.568636,5244.0
2024-01-20,Great Britain,Hornsea-1,Wind,petroineos,2026-06-04 08:24:55.513189,798.2779073
2024-01-20,Great Britain,Hornsea-2,Wind,petroineos,2026-06-04 08:24:55.513189,786.4904191
2024-01-20,Great Britain,Pembroke-1,Gas,petroineos,2026-06-04 08:24:55.531654,7380.0
2024-01-20,Great Britain,Pembroke-2,Gas,petroineos,2026-06-04 08:24:55.531654,5189.0
2024-01-21,France,Blenod-5,Gas,petroineos,2026-06-04 08:24:55.568636,5270.0
2024-01-21,Great Britain,Hornsea-1,Wind,petroineos,2026-06-04 08:24:55.513189,192.2338835
2024-01-21,Great Britain,Hornsea-2,Wind,petroineos,2026-06-04 08:24:55.513189,491.3049929
2024-01-21,Great Britain,Pembroke-1,Gas,petroineos,2026-06-04 08:24:55.531654,8905.0
2024-01-21,Great Britain,Pembroke-2,Gas,petroineos,2026-06-04 08:24:55.531654,7275.0
2024-01-22,France,Blenod-5,Gas,petroineos,2026-06-04 08:24:55.568636,4784.0
2024-01-22,Great Britain,Hornsea-1,Wind,petroineos,2026-06-04 08:24:55.513189,144.8361681
2024-01-22,Great Britain,Hornsea-2,Wind,petroineos,2026-06-04 08:24:55.513189,270.6201072
2024-01-22,Great Britain,Pembroke-1,Gas,petroineos,2026-06-04 08:24:55.531654,7085.0
2024-01-22,Great Britain,Pembroke-2,Gas,petroineos,2026-06-04 08:24:55.531654,6120.0
2024-01-23,France,Blenod-5,Gas,petroineos,2026-06-04 08:24:55.568636,6627.0
2024-01-23,Great Britain,Hornsea-1,Wind,petroineos,2026-06-04 08:24:55.513189,100.2454953
2024-01-23,Great Britain,Hornsea-2,Wind,petroineos,2026-06-04 08:24:55.513189,94.18345384
2024-01-23,Great Britain,Pembroke-1,Gas,petroineos,2026-06-04 08:24:55.531654,6458.0
2024-01-23,Great Britain,Pembroke-2,Gas,petroineos,2026-06-04 08:24:55.531654,8827.0
2024-01-24,France,Blenod-5,Gas,petroineos,2026-06-04 08:24:55.568636,4324.0
2024-01-24,Great Britain,Hornsea-1,Wind,petroineos,2026-06-04 08:24:55.513189,730.7456099
2024-01-24,Great Britain,Hornsea-2,Wind,petroineos,2026-06-04 08:24:55.513189,458.764209
2024-01-24,Great Britain,Pembroke-1,Gas,petroineos,2026-06-04 08:24:55.531654,6741.0
2024-01-24,Great Britain,Pembroke-2,Gas,petroineos,2026-06-04 08:24:55.531654,7415.0
2024-01-25,France,Blenod-5,Gas,petroineos,2026-06-04 08:24:55.568636,4405.0
2024-01-25,Great Britain,Hornsea-1,Wind,petroineos,2026-06-04 08:24:55.513189,612.8433146
2024-01-25,Great Britain,Hornsea-2,Wind,petroineos,2026-06-04 08:24:55.513189,116.3026079
2024-01-25,Great Britain,Pembroke-1,Gas,petroineos,2026-06-04 08:24:55.531654,7837.0
2024-01-25,Great Britain,Pembroke-2,Gas,petroineos,2026-06-04 08:24:55.531654,8381.0
2024-01-26,France,Blenod-5,Gas,petroineos,2026-06-04 08:24:55.568636,5643.0
2024-01-26,Great Britain,Hornsea-1,Wind,petroineos,2026-06-04 08:24:55.513189,659.2915398
2024-01-26,Great Britain,Hornsea-2,Wind,petroineos,2026-06-04 08:24:55.513189,558.1351107
2024-01-26,Great Britain,Pembroke-1,Gas,petroineos,2026-06-04 08:24:55.531654,7634.0
2024-01-26,Great Britain,Pembroke-2,Gas,petroineos,2026-06-04 08:24:55.531654,8033.0
2024-01-27,France,Blenod-5,Gas,petroineos,2026-06-04 08:24:55.568636,4705.0
2024-01-27,Great Britain,Hornsea-1,Wind,petroineos,2026-06-04 08:24:55.513189,451.8726763
2024-01-27,Great Britain,Hornsea-2,Wind,petroineos,2026-06-04 08:24:55.513189,593.8729152
2024-01-27,Great Britain,Pembroke-1,Gas,petroineos,2026-06-04 08:24:55.531654,6196.0
2024-01-27,Great Britain,Pembroke-2,Gas,petroineos,2026-06-04 08:24:55.531654,5074.0
2024-01-28,France,Blenod-5,Gas,petroineos,2026-06-04 08:24:55.568636,5810.0
2024-01-28,Great Britain,Hornsea-1,Wind,petroineos,2026-06-04 08:24:55.513189,868.490846
2024-01-28,Great Britain,Hornsea-2,Wind,petroineos,2026-06-04 08:24:55.513189,125.8344082
2024-01-28,Great Britain,Pembroke-1,Gas,petroineos,2026-06-04 08:24:55.531654,7953.0
2024-01-28,Great Britain,Pembroke-2,Gas,petroineos,2026-06-04 08:24:55.531654,5886.0
2024-01-29,France,Blenod-5,Gas,petroineos,2026-06-04 08:24:55.568636,6190.0
2024-01-29,Great Britain,Hornsea-1,Wind,petroineos,2026-06-04 08:24:55.513189,113.7878374
2024-01-29,Great Britain,Hornsea-2,Wind,petroineos,2026-06-04 08:24:55.513189,425.575702
2024-01-29,Great Britain,Pembroke-1,Gas,petroineos,2026-06-04 08:24:55.531654,7546.0
2024-01-29,Great Britain,Pembroke-2,Gas,petroineos,2026-06-04 08:24:55.531654,8424.0
2024-01-30,France,Blenod-5,Gas,petroineos,2026-06-04 08:24:55.568636,6101.0
2024-01-30,Great Britain,Hornsea-1,Wind,petroineos,2026-06-04 08:24:55.513189,361.0639685
2024-01-30,Great Britain,Hornsea-2,Wind,petroineos,2026-06-04 08:24:55.513189,375.6740994
2024-01-30,Great Britain,Pembroke-1,Gas,petroineos,2026-06-04 08:24:55.531654,6526.0
2024-01-30,Great Britain,Pembroke-2,Gas,petroineos,2026-06-04 08:24:55.531654,7735.0
2024-01-31,France,Blenod-5,Gas,petroineos,2026-06-04 08:24:55.568636,3347.0
2024-01-31,Great Britain,Hornsea-1,Wind,petroineos,2026-06-04 08:24:55.513189,519.6749892
2024-01-31,Great Britain,Hornsea-2,Wind,petroineos,2026-06-04 08:24:55.513189,350.8577315
2024-01-31,Great Britain,Pembroke-1,Gas,petroineos,2026-06-04 08:24:55.531654,7749.0
2024-01-31,Great Britain,Pembroke-2,Gas,petroineos,2026-06-04 08:24:55.531654,7132.0
2024-02-01,France,Blenod-5,Gas,petroineos,2026-06-04 08:24:55.568636,3648.0
2024-02-01,Great Britain,Hornsea-1,Wind,petroineos,2026-06-04 08:24:55.513189,530.6005281
2024-02-01,Great Britain,Hornsea-2,Wind,petroineos,2026-06-04 08:24:55.513189,133.2142362
2024-02-01,Great Britain,Pembroke-1,Gas,petroineos,2026-06-04 08:24:55.531654,8970.0
2024-02-01,Great Britain,Pembroke-2,Gas,petroineos,2026-06-04 08:24:55.531654,5181.0
2024-02-02,France,Blenod-5,Gas,petroineos,2026-06-04 08:24:55.568636,6059.0
2024-02-02,Great Britain,Hornsea-1,Wind,petroineos,2026-06-04 08:24:55.513189,282.0222728
2024-02-02,Great Britain,Hornsea-2,Wind,petroineos,2026-06-04 08:24:55.513189,244.8115306
2024-02-02,Great Britain,Pembroke-1,Gas,petroineos,2026-06-04 08:24:55.531654,7160.0
2024-02-02,Great Britain,Pembroke-2,Gas,petroineos,2026-06-04 08:24:55.531654,8796.0
2024-02-03,France,Blenod-5,Gas,petroineos,2026-06-04 08:24:55.568636,4576.0
2024-02-03,Great Britain,Hornsea-1,Wind,petroineos,2026-06-04 08:24:55.513189,708.5709006
2024-02-03,Great Britain,Hornsea-2,Wind,petroineos,2026-06-04 08:24:55.513189,359.7634625
2024-02-03,Great Britain,Pembroke-1,Gas,petroineos,2026-06-04 08:24:55.531654,7408.0
2024-02-03,Great Britain,Pembroke-2,Gas,petroineos,2026-06-04 08:24:55.531654,5932.0
2024-02-04,France,Blenod-5,Gas,petroineos,2026-06-04 08:24:55.568636,4906.0
2024-02-04,Great Britain,Hornsea-1,Wind,petroineos,2026-06-04 08:24:55.513189,44.27761517
2024-02-04,Great Britain,Hornsea-2,Wind,petroineos,2026-06-04 08:24:55.513189,807.4361658
2024-02-04,Great Britain,Pembroke-1,Gas,petroineos,2026-06-04 08:24:55.531654,5288.0
2024-02-04,Great Britain,Pembroke-2,Gas,petroineos,2026-06-04 08:24:55.531654,5557.0
2024-02-05,France,Blenod-5,Gas,petroineos,2026-06-04 08:24:55.568636,3632.0
2024-02-05,Great Britain,Hornsea-1,Wind,petroineos,2026-06-04 08:24:55.513189,943.4803517
2024-02-05,Great Britain,Hornsea-2,Wind,petroineos,2026-06-04 08:24:55.513189,732.6255927
2024-02-05,Great Britain,Pembroke-1,Gas,petroineos,2026-06-04 08:24:55.531654,5678.0
2024-02-05,Great Britain,Pembroke-2,Gas,petroineos,2026-06-04 08:24:55.531654,8944.0
2024-02-06,France,Blenod-5,Gas,petroineos,2026-06-04 08:24:55.568636,4285.0
2024-02-06,Great Britain,Hornsea-1,Wind,petroineos,2026-06-04 08:24:55.513189,634.5420897
2024-02-06,Great Britain,Hornsea-2,Wind,petroineos,2026-06-04 08:24:55.513189,196.3304748
2024-02-06,Great Britain,Pembroke-1,Gas,petroineos,2026-06-04 08:24:55.531654,8720.0
2024-02-06,Great Britain,Pembroke-2,Gas,petroineos,2026-06-04 08:24:55.531654,6221.0
2024-02-07,France,Blenod-5,Gas,petroineos,2026-06-04 08:24:55.568636,3934.0
2024-02-07,Great Britain,Hornsea-1,Wind,petroineos,2026-06-04 08:24:55.513189,387.3183309
2024-02-07,Great Britain,Hornsea-2,Wind,petroineos,2026-06-04 08:24:55.513189,380.6287002
2024-02-07,Great Britain,Pembroke-1,Gas,petroineos,2026-06-04 08:24:55.531654,5450.0
2024-02-07,Great Britain,Pembroke-2,Gas,petroineos,2026-06-04 08:24:55.531654,6259.0
2024-02-08,France,Blenod-5,Gas,petroineos,2026-06-04 08:24:55.568636,6413.0
2024-02-08,Great Britain,Hornsea-1,Wind,petroineos,2026-06-04 08:24:55.513189,938.8456469
2024-02-08,Great Britain,Hornsea-2,Wind,petroineos,2026-06-04 08:24:55.513189,542.1289554
2024-02-08,Great Britain,Pembroke-1,Gas,petroineos,2026-06-04 08:24:55.531654,6566.0
2024-02-08,Great Britain,Pembroke-2,Gas,petroineos,2026-06-04 08:24:55.531654,8230.0
2024-02-09,France,Blenod-5,Gas,petroineos,2026-06-04 08:24:55.568636,6350.0
2024-02-09,Great Britain,Hornsea-1,Wind,petroineos,2026-06-04 08:24:55.513189,419.8764371
2024-02-09,Great Britain,Hornsea-2,Wind,petroineos,2026-06-04 08:24:55.513189,48.12538453
2024-02-09,Great Britain,Pembroke-1,Gas,petroineos,2026-06-04 08:24:55.531654,8809.0
2024-02-09,Great Britain,Pembroke-2,Gas,petroineos,2026-06-04 08:24:55.531654,6748.0
2024-02-10,France,Blenod-5,Gas,petroineos,2026-06-04 08:24:55.568636,3818.0
2024-02-10,Great Britain,Hornsea-1,Wind,petroineos,2026-06-04 08:24:55.513189,966.3768979
2024-02-10,Great Britain,Hornsea-2,Wind,petroineos,2026-06-04 08:24:55.513189,35.73395383
2024-02-10,Great Britain,Pembroke-1,Gas,petroineos,2026-06-04 08:24:55.531654,5222.0
2024-02-10,Great Britain,Pembroke-2,Gas,petroineos,2026-06-04 08:24:55.531654,5158.0
2024-02-11,France,Blenod-5,Gas,petroineos,2026-06-04 08:24:55.568636,6417.0
2024-02-11,Great Britain,Hornsea-1,Wind,petroineos,2026-06-04 08:24:55.513189,523.0203005
2024-02-11,Great Britain,Hornsea-2,Wind,petroineos,2026-06-04 08:24:55.513189,276.4523981
2024-02-11,Great Britain,Pembroke-1,Gas,petroineos,2026-06-04 08:24:55.531654,6061.0
2024-02-11,Great Britain,Pembroke-2,Gas,petroineos,2026-06-04 08:24:55.531654,8955.0
2024-02-12,France,Blenod-5,Gas,petroineos,2026-06-04 08:24:55.568636,6895.0
2024-02-12,Great Britain,Hornsea-1,Wind,petroineos,2026-06-04 08:24:55.513189,757.1752262
2024-02-12,Great Britain,Hornsea-2,Wind,petroineos,2026-06-04 08:24:55.513189,369.849217
2024-02-12,Great Britain,Pembroke-1,Gas,petroineos,2026-06-04 08:24:55.531654,6313.0
2024-02-12,Great Britain,Pembroke-2,Gas,petroineos,2026-06-04 08:24:55.531654,6260.0
2024-02-13,France,Blenod-5,Gas,petroineos,2026-06-04 08:24:55.568636,4590.0
2024-02-13,Great Britain,Hornsea-1,Wind,petroineos,2026-06-04 08:24:55.513189,551.2475887
2024-02-13,Great Britain,Hornsea-2,Wind,petroineos,2026-06-04 08:24:55.513189,994.6185122
2024-02-13,Great Britain,Pembroke-1,Gas,petroineos,2026-06-04 08:24:55.531654,5496.0
2024-02-13,Great Britain,Pembroke-2,Gas,petroineos,2026-06-04 08:24:55.531654,6224.0
2024-02-14,France,Blenod-5,Gas,petroineos,2026-06-04 08:24:55.568636,3720.0
2024-02-14,Great Britain,Hornsea-1,Wind,petroineos,2026-06-04 08:24:55.513189,268.2841815
2024-02-14,Great Britain,Hornsea-2,Wind,petroineos,2026-06-04 08:24:55.513189,248.9246671
2024-02-14,Great Britain,Pembroke-1,Gas,petroineos,2026-06-04 08:24:55.531654,7916.0
2024-02-14,Great Britain,Pembroke-2,Gas,petroineos,2026-06-04 08:24:55.531654,7910.0
2024-02-15,France,Blenod-5,Gas,petroineos,2026-06-04 08:24:55.568636,4506.0
2024-02-15,Great Britain,Hornsea-1,Wind,petroineos,2026-06-04 08:24:55.513189,948.876216
2024-02-15,Great Britain,Hornsea-2,Wind,petroineos,2026-06-04 08:24:55.513189,974.6391411
2024-02-15,Great Britain,Pembroke-1,Gas,petroineos,2026-06-04 08:24:55.531654,8684.0
2024-02-15,Great Britain,Pembroke-2,Gas,petroineos,2026-06-04 08:24:55.531654,6826.0
2024-02-16,France,Blenod-5,Gas,petroineos,2026-06-04 08:24:55.568636,5881.0
2024-02-16,Great Britain,Hornsea-1,Wind,petroineos,2026-06-04 08:24:55.513189,889.9652285
2024-02-16,Great Britain,Hornsea-2,Wind,petroineos,2026-06-04 08:24:55.513189,900.6069641
2024-02-16,Great Britain,Pembroke-1,Gas,petroineos,2026-06-04 08:24:55.531654,6598.0
2024-02-16,Great Britain,Pembroke-2,Gas,petroineos,2026-06-04 08:24:55.531654,7226.0
2024-02-17,France,Blenod-5,Gas,petroineos,2026-06-04 08:24:55.568636,5635.0
2024-02-17,Great Britain,Hornsea-1,Wind,petroineos,2026-06-04 08:24:55.513189,68.21641066
2024-02-17,Great Britain,Hornsea-2,Wind,petroineos,2026-06-04 08:24:55.513189,652.6453236
2024-02-17,Great Britain,Pembroke-1,Gas,petroineos,2026-06-04 08:24:55.531654,6349.0
2024-02-17,Great Britain,Pembroke-2,Gas,petroineos,2026-06-04 08:24:55.531654,6831.0
2024-02-18,France,Blenod-5,Gas,petroineos,2026-06-04 08:24:55.568636,4108.0
2024-02-18,Great Britain,Hornsea-1,Wind,petroineos,2026-06-04 08:24:55.513189,231.9581556
2024-02-18,Great Britain,Hornsea-2,Wind,petroineos,2026-06-04 08:24:55.513189,262.7488098
2024-02-18,Great Britain,Pembroke-1,Gas,petroineos,2026-06-04 08:24:55.531654,6017.0
2024-02-18,Great Britain,Pembroke-2,Gas,petroineos,2026-06-04 08:24:55.531654,8503.0
2024-02-19,France,Blenod-5,Gas,petroineos,2026-06-04 08:24:55.568636,3851.0
2024-02-19,Great Britain,Hornsea-1,Wind,petroineos,2026-06-04 08:24:55.513189,980.7636211
2024-02-19,Great Britain,Hornsea-2,Wind,petroineos,2026-06-04 08:24:55.513189,149.8941437
2024-02-19,Great Britain,Pembroke-1,Gas,petroineos,2026-06-04 08:24:55.531654,7364.0
2024-02-19,Great Britain,Pembroke-2,Gas,petroineos,2026-06-04 08:24:55.531654,7601.0
2024-02-20,France,Blenod-5,Gas,petroineos,2026-06-04 08:24:55.568636,6155.0
2024-02-20,Great Britain,Hornsea-1,Wind,petroineos,2026-06-04 08:24:55.513189,761.7665815
2024-02-20,Great Britain,Hornsea-2,Wind,petroineos,2026-06-04 08:24:55.513189,137.9992491
2024-02-20,Great Britain,Pembroke-1,Gas,petroineos,2026-06-04 08:24:55.531654,7785.0
2024-02-20,Great Britain,Pembroke-2,Gas,petroineos,2026-06-04 08:24:55.531654,5051.0
2024-02-21,France,Blenod-5,Gas,petroineos,2026-06-04 08:24:55.568636,5208.0
2024-02-21,Great Britain,Hornsea-1,Wind,petroineos,2026-06-04 08:24:55.513189,373.3883423
2024-02-21,Great Britain,Hornsea-2,Wind,petroineos,2026-06-04 08:24:55.513189,208.2022645
2024-02-21,Great Britain,Pembroke-1,Gas,petroineos,2026-06-04 08:24:55.531654,7604.0
2024-02-21,Great Britain,Pembroke-2,Gas,petroineos,2026-06-04 08:24:55.531654,6212.0
2024-02-22,France,Blenod-5,Gas,petroineos,2026-06-04 08:24:55.568636,3489.0
2024-02-22,Great Britain,Hornsea-1,Wind,petroineos,2026-06-04 08:24:55.513189,804.0470061
2024-02-22,Great Britain,Hornsea-2,Wind,petroineos,2026-06-04 08:24:55.513189,645.751122
2024-02-22,Great Britain,Pembroke-1,Gas,petroineos,2026-06-04 08:24:55.531654,7541.0
2024-02-22,Great Britain,Pembroke-2,Gas,petroineos,2026-06-04 08:24:55.531654,7574.0
2024-02-23,France,Blenod-5,Gas,petroineos,2026-06-04 08:24:55.568636,4284.0
2024-02-23,Great Britain,Hornsea-1,Wind,petroineos,2026-06-04 08:24:55.513189,136.9095426
2024-02-23,Great Britain,Hornsea-2,Wind,petroineos,2026-06-04 08:24:55.513189,87.50941771
2024-02-23,Great Britain,Pembroke-1,Gas,petroineos,2026-06-04 08:24:55.531654,6480.0
2024-02-23,Great Britain,Pembroke-2,Gas,petroineos,2026-06-04 08:24:55.531654,6654.0
2024-02-24,France,Blenod-5,Gas,petroineos,2026-06-04 08:24:55.568636,5529.0
2024-02-24,Great Britain,Hornsea-1,Wind,petroineos,2026-06-04 08:24:55.513189,188.4137744
2024-02-24,Great Britain,Hornsea-2,Wind,petroineos,2026-06-04 08:24:55.513189,886.3052849
2024-02-24,Great Britain,Pembroke-1,Gas,petroineos,2026-06-04 08:24:55.531654,5901.0
2024-02-24,Great Britain,Pembroke-2,Gas,petroineos,2026-06-04 08:24:55.531654,7762.0
2024-02-25,France,Blenod-5,Gas,petroineos,2026-06-04 08:24:55.568636,6495.0
2024-02-25,Great Britain,Hornsea-1,Wind,petroineos,2026-06-04 08:24:55.513189,735.6443738
2024-02-25,Great Britain,Hornsea-2,Wind,petroineos,2026-06-04 08:24:55.513189,478.318429
2024-02-25,Great Britain,Pembroke-1,Gas,petroineos,2026-06-04 08:24:55.531654,6513.0
2024-02-25,Great Britain,Pembroke-2,Gas,petroineos,2026-06-04 08:24:55.531654,8014.0
2024-02-26,France,Blenod-5,Gas,petroineos,2026-06-04 08:24:55.568636,3556.0
2024-02-26,Great Britain,Hornsea-1,Wind,petroineos,2026-06-04 08:24:55.513189,215.4751421
2024-02-26,Great Britain,Hornsea-2,Wind,petroineos,2026-06-04 08:24:55.513189,181.6322342
2024-02-26,Great Britain,Pembroke-1,Gas,petroineos,2026-06-04 08:24:55.531654,6131.0
2024-02-26,Great Britain,Pembroke-2,Gas,petroineos,2026-06-04 08:24:55.531654,6064.0
2024-02-27,France,Blenod-5,Gas,petroineos,2026-06-04 08:24:55.568636,5703.0
2024-02-27,Great Britain,Hornsea-1,Wind,petroineos,2026-06-04 08:24:55.513189,9.97371393
2024-02-27,Great Britain,Hornsea-2,Wind,petroineos,2026-06-04 08:24:55.513189,161.6344085
2024-02-27,Great Britain,Pembroke-1,Gas,petroineos,2026-06-04 08:24:55.531654,5378.0
2024-02-27,Great Britain,Pembroke-2,Gas,petroineos,2026-06-04 08:24:55.531654,7187.0
2024-02-28,France,Blenod-5,Gas,petroineos,2026-06-04 08:24:55.568636,3866.0
2024-02-28,Great Britain,Hornsea-1,Wind,petroineos,2026-06-04 08:24:55.513189,474.9284231
2024-02-28,Great Britain,Hornsea-2,Wind,petroineos,2026-06-04 08:24:55.513189,951.0601868
2024-02-28,Great Britain,Pembroke-1,Gas,petroineos,2026-06-04 08:24:55.531654,6386.0
2024-02-28,Great Britain,Pembroke-2,Gas,petroineos,2026-06-04 08:24:55.531654,5862.0
2024-02-29,France,Blenod-5,Gas,petroineos,2026-06-04 08:24:55.568636,4298.0
2024-02-29,Great Britain,Hornsea-1,Wind,petroineos,2026-06-04 08:24:55.513189,745.1353299
2024-02-29,Great Britain,Hornsea-2,Wind,petroineos,2026-06-04 08:24:55.513189,649.5780425
2024-02-29,Great Britain,Pembroke-1,Gas,petroineos,2026-06-04 08:24:55.531654,5632.0
2024-02-29,Great Britain,Pembroke-2,Gas,petroineos,2026-06-04 08:24:55.531654,5736.0
2024-03-01,France,Blenod-5,Gas,petroineos,2026-06-04 08:24:55.568636,5206.0
2024-03-01,Great Britain,Hornsea-1,Wind,petroineos,2026-06-04 08:24:55.513189,259.7834765
2024-03-01,Great Britain,Hornsea-2,Wind,petroineos,2026-06-04 08:24:55.513189,606.6420194
2024-03-01,Great Britain,Pembroke-1,Gas,petroineos,2026-06-04 08:24:55.531654,5594.0
2024-03-01,Great Britain,Pembroke-2,Gas,petroineos,2026-06-04 08:24:55.531654,5822.0
2024-03-02,France,Blenod-5,Gas,petroineos,2026-06-04 08:24:55.568636,3541.0
2024-03-02,Great Britain,Hornsea-1,Wind,petroineos,2026-06-04 08:24:55.513189,472.3936575
2024-03-02,Great Britain,Hornsea-2,Wind,petroineos,2026-06-04 08:24:55.513189,766.9444882
2024-03-02,Great Britain,Pembroke-1,Gas,petroineos,2026-06-04 08:24:55.531654,8225.0
2024-03-02,Great Britain,Pembroke-2,Gas,petroineos,2026-06-04 08:24:55.531654,6175.0
2024-03-03,France,Blenod-5,Gas,petroineos,2026-06-04 08:24:55.568636,5206.0
2024-03-03,Great Britain,Hornsea-1,Wind,petroineos,2026-06-04 08:24:55.513189,494.3037271
2024-03-03,Great Britain,Hornsea-2,Wind,petroineos,2026-06-04 08:24:55.513189,341.3396696
2024-03-03,Great Britain,Pembroke-1,Gas,petroineos,2026-06-04 08:24:55.531654,6186.0
2024-03-03,Great Britain,Pembroke-2,Gas,petroineos,2026-06-04 08:24:55.531654,7567.0
2024-03-04,France,Blenod-5,Gas,petroineos,2026-06-04 08:24:55.568636,4498.0
2024-03-04,Great Britain,Hornsea-1,Wind,petroineos,2026-06-04 08:24:55.513189,76.44770227
2024-03-04,Great Britain,Hornsea-2,Wind,petroineos,2026-06-04 08:24:55.513189,274.030622
2024-03-04,Great Britain,Pembroke-1,Gas,petroineos,2026-06-04 08:24:55.531654,7732.0
2024-03-04,Great Britain,Pembroke-2,Gas,petroineos,2026-06-04 08:24:55.531654,7928.0
2024-03-05,France,Blenod-5,Gas,petroineos,2026-06-04 08:24:55.568636,6179.0
2024-03-05,Great Britain,Hornsea-1,Wind,petroineos,2026-06-04 08:24:55.513189,478.3433875
2024-03-05,Great Britain,Hornsea-2,Wind,petroineos,2026-06-04 08:24:55.513189,920.437886
2024-03-05,Great Britain,Pembroke-1,Gas,petroineos,2026-06-04 08:24:55.531654,6960.0
2024-03-05,Great Britain,Pembroke-2,Gas,petroineos,2026-06-04 08:24:55.531654,5653.0
2024-03-06,France,Blenod-5,Gas,petroineos,2026-06-04 08:24:55.568636,4342.0
2024-03-06,Great Britain,Hornsea-1,Wind,petroineos,2026-06-04 08:24:55.513189,88.09394207
2024-03-06,Great Britain,Hornsea-2,Wind,petroineos,2026-06-04 08:24:55.513189,204.5166774
2024-03-06,Great Britain,Pembroke-1,Gas,petroineos,2026-06-04 08:24:55.531654,7172.0
2024-03-06,Great Britain,Pembroke-2,Gas,petroineos,2026-06-04 08:24:55.531654,5353.0
2024-03-07,France,Blenod-5,Gas,petroineos,2026-06-04 08:24:55.568636,5712.0
2024-03-07,Great Britain,Hornsea-1,Wind,petroineos,2026-06-04 08:24:55.513189,764.2628121
2024-03-07,Great Britain,Hornsea-2,Wind,petroineos,2026-06-04 08:24:55.513189,894.2499142
2024-03-07,Great Britain,Pembroke-1,Gas,petroineos,2026-06-04 08:24:55.531654,8431.0
2024-03-07,Great Britain,Pembroke-2,Gas,petroineos,2026-06-04 08:24:55.531654,5734.0
2024-03-08,France,Blenod-5,Gas,petroineos,2026-06-04 08:24:55.568636,4607.0
2024-03-08,Great Britain,Hornsea-1,Wind,petroineos,2026-06-04 08:24:55.513189,122.3621974
2024-03-08,Great Britain,Hornsea-2,Wind,petroineos,2026-06-04 08:24:55.513189,926.3474371
2024-03-08,Great Britain,Pembroke-1,Gas,petroineos,2026-06-04 08:24:55.531654,7644.0
2024-03-08,Great Britain,Pembroke-2,Gas,petroineos,2026-06-04 08:24:55.531654,5499.0
2024-03-09,France,Blenod-5,Gas,petroineos,2026-06-04 08:24:55.568636,4094.0
2024-03-09,Great Britain,Hornsea-1,Wind,petroineos,2026-06-04 08:24:55.513189,518.35246
2024-03-09,Great Britain,Hornsea-2,Wind,petroineos,2026-06-04 08:24:55.513189,432.5773228
2024-03-09,Great Britain,Pembroke-1,Gas,petroineos,2026-06-04 08:24:55.531654,6848.0
2024-03-09,Great Britain,Pembroke-2,Gas,petroineos,2026-06-04 08:24:55.531654,6779.0
2024-03-10,France,Blenod-5,Gas,petroineos,2026-06-04 08:24:55.568636,5183.0
2024-03-10,Great Britain,Hornsea-1,Wind,petroineos,2026-06-04 08:24:55.513189,50.59921987
2024-03-10,Great Britain,Hornsea-2,Wind,petroineos,2026-06-04 08:24:55.513189,546.5110514
2024-03-10,Great Britain,Pembroke-1,Gas,petroineos,2026-06-04 08:24:55.531654,8616.0
2024-03-10,Great Britain,Pembroke-2,Gas,petroineos,2026-06-04 08:24:55.531654,6759.0
2024-03-11,France,Blenod-5,Gas,petroineos,2026-06-04 08:24:55.568636,3666.0
2024-03-11,Great Britain,Hornsea-1,Wind,petroineos,2026-06-04 08:24:55.513189,827.5956726
2024-03-11,Great Britain,Hornsea-2,Wind,petroineos,2026-06-04 08:24:55.513189,912.76545
2024-03-11,Great Britain,Pembroke-1,Gas,petroineos,2026-06-04 08:24:55.531654,8010.0
2024-03-11,Great Britain,Pembroke-2,Gas,petroineos,2026-06-04 08:24:55.531654,6824.0
2024-03-12,France,Blenod-5,Gas,petroineos,2026-06-04 08:24:55.568636,3707.0
2024-03-12,Great Britain,Hornsea-1,Wind,petroineos,2026-06-04 08:24:55.513189,639.7484508
2024-03-12,Great Britain,Hornsea-2,Wind,petroineos,2026-06-04 08:24:55.513189,231.674439
2024-03-12,Great Britain,Pembroke-1,Gas,petroineos,2026-06-04 08:24:55.531654,8283.0
2024-03-12,Great Britain,Pembroke-2,Gas,petroineos,2026-06-04 08:24:55.531654,5660.0
2024-03-13,France,Blenod-5,Gas,petroineos,2026-06-04 08:24:55.568636,6135.0
2024-03-13,Great Britain,Hornsea-1,Wind,petroineos,2026-06-04 08:24:55.513189,507.1690444
2024-03-13,Great Britain,Hornsea-2,Wind,petroineos,2026-06-04 08:24:55.513189,921.8869594
2024-03-13,Great Britain,Pembroke-1,Gas,petroineos,2026-06-04 08:24:55.531654,5484.0
2024-03-13,Great Britain,Pembroke-2,Gas,petroineos,2026-06-04 08:24:55.531654,8548.0
2024-03-14,France,Blenod-5,Gas,petroineos,2026-06-04 08:24:55.568636,3361.0
2024-03-14,Great Britain,Hornsea-1,Wind,petroineos,2026-06-04 08:24:55.513189,682.6846904
2024-03-14,Great Britain,Hornsea-2,Wind,petroineos,2026-06-04 08:24:55.513189,167.4628031
2024-03-14,Great Britain,Pembroke-1,Gas,petroineos,2026-06-04 08:24:55.531654,8963.0
2024-03-14,Great Britain,Pembroke-2,Gas,petroineos,2026-06-04 08:24:55.531654,6870.0
2024-03-15,France,Blenod-5,Gas,petroineos,2026-06-04 08:24:55.568636,5791.0
2024-03-15,Great Britain,Hornsea-1,Wind,petroineos,2026-06-04 08:24:55.513189,376.1284821
2024-03-15,Great Britain,Hornsea-2,Wind,petroineos,2026-06-04 08:24:55.513189,274.869196
2024-03-15,Great Britain,Pembroke-1,Gas,petroineos,2026-06-04 08:24:55.531654,7435.0
2024-03-15,Great Britain,Pembroke-2,Gas,petroineos,2026-06-04 08:24:55.531654,5713.0
2024-03-16,France,Blenod-5,Gas,petroineos,2026-06-04 08:24:55.568636,4791.0
2024-03-16,Great Britain,Hornsea-1,Wind,petroineos,2026-06-04 08:24:55.513189,864.4614151
2024-03-16,Great Britain,Hornsea-2,Wind,petroineos,2026-06-04 08:24:55.513189,890.2894352
2024-03-16,Great Britain,Pembroke-1,Gas,petroineos,2026-06-04 08:24:55.531654,5991.0
2024-03-16,Great Britain,Pembroke-2,Gas,petroineos,2026-06-04 08:24:55.531654,6170.0
2024-03-17,France,Blenod-5,Gas,petroineos,2026-06-04 08:24:55.568636,6399.0
2024-03-17,Great Britain,Hornsea-1,Wind,petroineos,2026-06-04 08:24:55.513189,634.4660851
2024-03-17,Great Britain,Hornsea-2,Wind,petroineos,2026-06-04 08:24:55.513189,755.8652581
2024-03-17,Great Britain,Pembroke-1,Gas,petroineos,2026-06-04 08:24:55.531654,7505.0
2024-03-17,Great Britain,Pembroke-2,Gas,petroineos,2026-06-04 08:24:55.531654,5944.0
2024-03-18,France,Blenod-5,Gas,petroineos,2026-06-04 08:24:55.568636,3256.0
2024-03-18,Great Britain,Hornsea-1,Wind,petroineos,2026-06-04 08:24:55.513189,625.897933
2024-03-18,Great Britain,Hornsea-2,Wind,petroineos,2026-06-04 08:24:55.513189,144.580389
2024-03-18,Great Britain,Pembroke-1,Gas,petroineos,2026-06-04 08:24:55.531654,5400.0
2024-03-18,Great Britain,Pembroke-2,Gas,petroineos,2026-06-04 08:24:55.531654,8681.0
2024-03-19,France,Blenod-5,Gas,petroineos,2026-06-04 08:24:55.568636,6084.0
2024-03-19,Great Britain,Hornsea-1,Wind,petroineos,2026-06-04 08:24:55.513189,100.0520922
2024-03-19,Great Britain,Hornsea-2,Wind,petroineos,2026-06-04 08:24:55.513189,979.909946
2024-03-19,Great Britain,Pembroke-1,Gas,petroineos,2026-06-04 08:24:55.531654,8635.0
2024-03-19,Great Britain,Pembroke-2,Gas,petroineos,2026-06-04 08:24:55.531654,6202.0
2024-03-20,France,Blenod-5,Gas,petroineos,2026-06-04 08:24:55.568636,4478.0
2024-03-20,Great Britain,Hornsea-1,Wind,petroineos,2026-06-04 08:24:55.513189,93.55338538
2024-03-20,Great Britain,Hornsea-2,Wind,petroineos,2026-06-04 08:24:55.513189,225.7016086
2024-03-20,Great Britain,Pembroke-1,Gas,petroineos,2026-06-04 08:24:55.531654,5196.0
2024-03-20,Great Britain,Pembroke-2,Gas,petroineos,2026-06-04 08:24:55.531654,5125.0
2024-03-21,France,Blenod-5,Gas,petroineos,2026-06-04 08:24:55.568636,3122.0
2024-03-21,Great Britain,Hornsea-1,Wind,petroineos,2026-06-04 08:24:55.513189,255.1127126
2024-03-21,Great Britain,Hornsea-2,Wind,petroineos,2026-06-04 08:24:55.513189,122.6812629
2024-03-21,Great Britain,Pembroke-1,Gas,petroineos,2026-06-04 08:24:55.531654,7012.0
2024-03-21,Great Britain,Pembroke-2,Gas,petroineos,2026-06-04 08:24:55.531654,6559.0
2024-03-22,France,Blenod-5,Gas,petroineos,2026-06-04 08:24:55.568636,3612.0
2024-03-22,Great Britain,Hornsea-1,Wind,petroineos,2026-06-04 08:24:55.513189,144.3009966
2024-03-22,Great Britain,Hornsea-2,Wind,petroineos,2026-06-04 08:24:55.513189,850.6772828
2024-03-22,Great Britain,Pembroke-1,Gas,petroineos,2026-06-04 08:24:55.531654,7770.0
2024-03-22,Great Britain,Pembroke-2,Gas,petroineos,2026-06-04 08:24:55.531654,7398.0
2024-03-23,France,Blenod-5,Gas,petroineos,2026-06-04 08:24:55.568636,5584.0
2024-03-23,Great Britain,Hornsea-1,Wind,petroineos,2026-06-04 08:24:55.513189,775.3105328
2024-03-23,Great Britain,Hornsea-2,Wind,petroineos,2026-06-04 08:24:55.513189,592.8664332
2024-03-23,Great Britain,Pembroke-1,Gas,petroineos,2026-06-04 08:24:55.531654,7913.0
2024-03-23,Great Britain,Pembroke-2,Gas,petroineos,2026-06-04 08:24:55.531654,5321.0
2024-03-24,France,Blenod-5,Gas,petroineos,2026-06-04 08:24:55.568636,4026.0
2024-03-24,Great Britain,Hornsea-1,Wind,petroineos,2026-06-04 08:24:55.513189,183.3000021
2024-03-24,Great Britain,Hornsea-2,Wind,petroineos,2026-06-04 08:24:55.513189,909.900945
2024-03-24,Great Britain,Pembroke-1,Gas,petroineos,2026-06-04 08:24:55.531654,8774.0
2024-03-24,Great Britain,Pembroke-2,Gas,petroineos,2026-06-04 08:24:55.531654,8206.0
2024-03-25,France,Blenod-5,Gas,petroineos,2026-06-04 08:24:55.568636,6371.0
2024-03-25,Great Britain,Hornsea-1,Wind,petroineos,2026-06-04 08:24:55.513189,446.1736827
2024-03-25,Great Britain,Hornsea-2,Wind,petroineos,2026-06-04 08:24:55.513189,482.0656265
2024-03-25,Great Britain,Pembroke-1,Gas,petroineos,2026-06-04 08:24:55.531654,8877.0
2024-03-25,Great Britain,Pembroke-2,Gas,petroineos,2026-06-04 08:24:55.531654,7309.0
2024-03-26,France,Blenod-5,Gas,petroineos,2026-06-04 08:24:55.568636,5205.0
2024-03-26,Great Britain,Hornsea-1,Wind,petroineos,2026-06-04 08:24:55.513189,716.9252822
2024-03-26,Great Britain,Hornsea-2,Wind,petroineos,2026-06-04 08:24:55.513189,834.5213194
2024-03-26,Great Britain,Pembroke-1,Gas,petroineos,2026-06-04 08:24:55.531654,8091.0
2024-03-26,Great Britain,Pembroke-2,Gas,petroineos,2026-06-04 08:24:55.531654,7171.0
2024-03-27,France,Blenod-5,Gas,petroineos,2026-06-04 08:24:55.568636,5342.0
2024-03-27,Great Britain,Hornsea-1,Wind,petroineos,2026-06-04 08:24:55.513189,705.4532736
2024-03-27,Great Britain,Hornsea-2,Wind,petroineos,2026-06-04 08:24:55.513189,967.6060488
2024-03-27,Great Britain,Pembroke-1,Gas,petroineos,2026-06-04 08:24:55.531654,8867.0
2024-03-27,Great Britain,Pembroke-2,Gas,petroineos,2026-06-04 08:24:55.531654,5584.0
2024-03-28,France,Blenod-5,Gas,petroineos,2026-06-04 08:24:55.568636,3464.0
2024-03-28,Great Britain,Hornsea-1,Wind,petroineos,2026-06-04 08:24:55.513189,726.7842218
2024-03-28,Great Britain,Hornsea-2,Wind,petroineos,2026-06-04 08:24:55.513189,774.5970011
2024-03-28,Great Britain,Pembroke-1,Gas,petroineos,2026-06-04 08:24:55.531654,7766.0
2024-03-28,Great Britain,Pembroke-2,Gas,petroineos,2026-06-04 08:24:55.531654,8685.0
2024-03-29,France,Blenod-5,Gas,petroineos,2026-06-04 08:24:55.568636,3785.0
2024-03-29,Great Britain,Hornsea-1,Wind,petroineos,2026-06-04 08:24:55.513189,256.5624994
2024-03-29,Great Britain,Hornsea-2,Wind,petroineos,2026-06-04 08:24:55.513189,567.2113852
2024-03-29,Great Britain,Pembroke-1,Gas,petroineos,2026-06-04 08:24:55.531654,7477.0
2024-03-29,Great Britain,Pembroke-2,Gas,petroineos,2026-06-04 08:24:55.531654,8132.0
2024-03-30,France,Blenod-5,Gas,petroineos,2026-06-04 08:24:55.568636,4324.0
2024-03-30,Great Britain,Hornsea-1,Wind,petroineos,2026-06-04 08:24:55.513189,491.4170519
2024-03-30,Great Britain,Hornsea-2,Wind,petroineos,2026-06-04 08:24:55.513189,388.3642448
2024-03-30,Great Britain,Pembroke-1,Gas,petroineos,2026-06-04 08:24:55.531654,7948.0
2024-03-30,Great Britain,Pembroke-2,Gas,petroineos,2026-06-04 08:24:55.531654,5094.0
2024-03-31,France,Blenod-5,Gas,petroineos,2026-06-04 08:24:55.568636,6265.0
2024-03-31,Great Britain,Hornsea-1,Wind,petroineos,2026-06-04 08:24:55.513189,34.24033331
2024-03-31,Great Britain,Hornsea-2,Wind,petroineos,2026-06-04 08:24:55.513189,461.743856
2024-03-31,Great Britain,Pembroke-1,Gas,petroineos,2026-06-04 08:24:55.531654,7674.0
2024-03-31,Great Britain,Pembroke-2,Gas,petroineos,2026-06-04 08:24:55.531654,6315.0
2024-04-01,France,Blenod-5,Gas,petroineos,2026-06-04 08:24:55.568636,6970.0
2024-04-01,Great Britain,Hornsea-1,Wind,petroineos,2026-06-04 08:24:55.513189,709.5798441
2024-04-01,Great Britain,Hornsea-2,Wind,petroineos,2026-06-04 08:24:55.513189,598.6012806
2024-04-01,Great Britain,Pembroke-1,Gas,petroineos,2026-06-04 08:24:55.531654,6518.0
2024-04-01,Great Britain,Pembroke-2,Gas,petroineos,2026-06-04 08:24:55.531654,8241.0
2024-04-02,France,Blenod-5,Gas,petroineos,2026-06-04 08:24:55.568636,4795.0
2024-04-02,Great Britain,Hornsea-1,Wind,petroineos,2026-06-04 08:24:55.513189,743.3741473
2024-04-02,Great Britain,Hornsea-2,Wind,petroineos,2026-06-04 08:24:55.513189,701.7451267
2024-04-02,Great Britain,Pembroke-1,Gas,petroineos,2026-06-04 08:24:55.531654,8438.0
2024-04-02,Great Britain,Pembroke-2,Gas,petroineos,2026-06-04 08:24:55.531654,8316.0
2024-04-03,France,Blenod-5,Gas,petroineos,2026-06-04 08:24:55.568636,6663.0
2024-04-03,Great Britain,Hornsea-1,Wind,petroineos,2026-06-04 08:24:55.513189,707.4204982
2024-04-03,Great Britain,Hornsea-2,Wind,petroineos,2026-06-04 08:24:55.513189,493.2184362
2024-04-03,Great Britain,Pembroke-1,Gas,petroineos,2026-06-04 08:24:55.531654,5834.0
2024-04-03,Great Britain,Pembroke-2,Gas,petroineos,2026-06-04 08:24:55.531654,6629.0
2024-04-04,France,Blenod-5,Gas,petroineos,2026-06-04 08:24:55.568636,5778.0
2024-04-04,Great Britain,Hornsea-1,Wind,petroineos,2026-06-04 08:24:55.513189,410.9542817
2024-04-04,Great Britain,Hornsea-2,Wind,petroineos,2026-06-04 08:24:55.513189,147.8590588
2024-04-04,Great Britain,Pembroke-1,Gas,petroineos,2026-06-04 08:24:55.531654,8941.0
2024-04-04,Great Britain,Pembroke-2,Gas,petroineos,2026-06-04 08:24:55.531654,7451.0
2024-04-05,France,Blenod-5,Gas,petroineos,2026-06-04 08:24:55.568636,3848.0
2024-04-05,Great Britain,Hornsea-1,Wind,petroineos,2026-06-04 08:24:55.513189,67.20217912
2024-04-05,Great Britain,Hornsea-2,Wind,petroineos,2026-06-04 08:24:55.513189,329.6442161
2024-04-05,Great Britain,Pembroke-1,Gas,petroineos,2026-06-04 08:24:55.531654,5251.0
2024-04-05,Great Britain,Pembroke-2,Gas,petroineos,2026-06-04 08:24:55.531654,5531.0
2024-04-06,France,Blenod-5,Gas,petroineos,2026-06-04 08:24:55.568636,4987.0
2024-04-06,Great Britain,Hornsea-1,Wind,petroineos,2026-06-04 08:24:55.513189,440.0374263
2024-04-06,Great Britain,Hornsea-2,Wind,petroineos,2026-06-04 08:24:55.513189,49.98052245
2024-04-06,Great Britain,Pembroke-1,Gas,petroineos,2026-06-04 08:24:55.531654,5569.0
2024-04-06,Great Britain,Pembroke-2,Gas,petroineos,2026-06-04 08:24:55.531654,8767.0
2024-04-07,France,Blenod-5,Gas,petroineos,2026-06-04 08:24:55.568636,4348.0
2024-04-07,Great Britain,Hornsea-1,Wind,petroineos,2026-06-04 08:24:55.513189,490.2587824
2024-04-07,Great Britain,Hornsea-2,Wind,petroineos,2026-06-04 08:24:55.513189,335.0139466
2024-04-07,Great Britain,Pembroke-1,Gas,petroineos,2026-06-04 08:24:55.531654,6306.0
2024-04-07,Great Britain,Pembroke-2,Gas,petroineos,2026-06-04 08:24:55.531654,8785.0
2024-04-08,France,Blenod-5,Gas,petroineos,2026-06-04 08:24:55.568636,4338.0
2024-04-08,Great Britain,Hornsea-1,Wind,petroineos,2026-06-04 08:24:55.513189,609.6281702
2024-04-08,Great Britain,Hornsea-2,Wind,petroineos,2026-06-04 08:24:55.513189,645.7316741
2024-04-08,Great Britain,Pembroke-1,Gas,petroineos,2026-06-04 08:24:55.531654,7823.0
2024-04-08,Great Britain,Pembroke-2,Gas,petroineos,2026-06-04 08:24:55.531654,6425.0
2024-04-09,France,Blenod-5,Gas,petroineos,2026-06-04 08:24:55.568636,3292.0
2024-04-09,Great Britain,Hornsea-1,Wind,petroineos,2026-06-04 08:24:55.513189,995.1330706
2024-04-09,Great Britain,Hornsea-2,Wind,petroineos,2026-06-04 08:24:55.513189,258.8895412
2024-04-09,Great Britain,Pembroke-1,Gas,petroineos,2026-06-04 08:24:55.531654,8087.0
2024-04-09,Great Britain,Pembroke-2,Gas,petroineos,2026-06-04 08:24:55.531654,5167.0
2024-04-10,France,Blenod-5,Gas,petroineos,2026-06-04 08:24:55.568636,6542.0
2024-04-10,Great Britain,Hornsea-1,Wind,petroineos,2026-06-04 08:24:55.513189,567.1181277
2024-04-10,Great Britain,Hornsea-2,Wind,petroineos,2026-06-04 08:24:55.513189,297.9716881
2024-04-10,Great Britain,Pembroke-1,Gas,petroineos,2026-06-04 08:24:55.531654,7432.0
2024-04-10,Great Britain,Pembroke-2,Gas,petroineos,2026-06-04 08:24:55.531654,6416.0
2024-04-11,France,Blenod-5,Gas,petroineos,2026-06-04 08:24:55.568636,3235.0
2024-04-11,Great Britain,Hornsea-1,Wind,petroineos,2026-06-04 08:24:55.513189,703.3752213
2024-04-11,Great Britain,Hornsea-2,Wind,petroineos,2026-06-04 08:24:55.513189,999.1650955
2024-04-11,Great Britain,Pembroke-1,Gas,petroineos,2026-06-04 08:24:55.531654,8007.0
2024-04-11,Great Britain,Pembroke-2,Gas,petroineos,2026-06-04 08:24:55.531654,8653.0
2024-04-12,France,Blenod-5,Gas,petroineos,2026-06-04 08:24:55.568636,3417.0
2024-04-12,Great Britain,Hornsea-1,Wind,petroineos,2026-06-04 08:24:55.513189,512.2964287
2024-04-12,Great Britain,Hornsea-2,Wind,petroineos,2026-06-04 08:24:55.513189,711.620614
2024-04-12,Great Britain,Pembroke-1,Gas,petroineos,2026-06-04 08:24:55.531654,6593.0
2024-04-12,Great Britain,Pembroke-2,Gas,petroineos,2026-06-04 08:24:55.531654,7009.0
2024-04-13,France,Blenod-5,Gas,petroineos,2026-06-04 08:24:55.568636,3571.0
2024-04-13,Great Britain,Hornsea-1,Wind,petroineos,2026-06-04 08:24:55.513189,214.4378813
2024-04-13,Great Britain,Hornsea-2,Wind,petroineos,2026-06-04 08:24:55.513189,738.3597843
2024-04-13,Great Britain,Pembroke-1,Gas,petroineos,2026-06-04 08:24:55.531654,6360.0
2024-04-13,Great Britain,Pembroke-2,Gas,petroineos,2026-06-04 08:24:55.531654,7429.0
2024-04-14,France,Blenod-5,Gas,petroineos,2026-06-04 08:24:55.568636,5242.0
2024-04-14,Great Britain,Hornsea-1,Wind,petroineos,2026-06-04 08:24:55.513189,744.8401506
2024-04-14,Great Britain,Hornsea-2,Wind,petroineos,2026-06-04 08:24:55.513189,771.9505813
2024-04-14,Great Britain,Pembroke-1,Gas,petroineos,2026-06-04 08:24:55.531654,6917.0
2024-04-14,Great Britain,Pembroke-2,Gas,petroineos,2026-06-04 08:24:55.531654,7562.0
2024-04-15,France,Blenod-5,Gas,petroineos,2026-06-04 08:24:55.568636,3903.0
2024-04-15,Great Britain,Hornsea-1,Wind,petroineos,2026-06-04 08:24:55.513189,678.7404655
2024-04-15,Great Britain,Hornsea-2,Wind,petroineos,2026-06-04 08:24:55.513189,620.084798
2024-04-15,Great Britain,Pembroke-1,Gas,petroineos,2026-06-04 08:24:55.531654,5512.0
2024-04-15,Great Britain,Pembroke-2,Gas,petroineos,2026-06-04 08:24:55.531654,6854.0
2024-04-16,France,Blenod-5,Gas,petroineos,2026-06-04 08:24:55.568636,4792.0
2024-04-16,Great Britain,Hornsea-1,Wind,petroineos,2026-06-04 08:24:55.513189,236.7856327
2024-04-16,Great Britain,Hornsea-2,Wind,petroineos,2026-06-04 08:24:55.513189,987.11213
2024-04-16,Great Britain,Pembroke-1,Gas,petroineos,2026-06-04 08:24:55.531654,6284.0
2024-04-16,Great Britain,Pembroke-2,Gas,petroineos,2026-06-04 08:24:55.531654,8017.0
2024-04-17,France,Blenod-5,Gas,petroineos,2026-06-04 08:24:55.568636,5785.0
2024-04-17,Great Britain,Hornsea-1,Wind,petroineos,2026-06-04 08:24:55.513189,287.6589414
2024-04-17,Great Britain,Hornsea-2,Wind,petroineos,2026-06-04 08:24:55.513189,849.0392854
2024-04-17,Great Britain,Pembroke-1,Gas,petroineos,2026-06-04 08:24:55.531654,7601.0
2024-04-17,Great Britain,Pembroke-2,Gas,petroineos,2026-06-04 08:24:55.531654,8053.0
2024-04-18,France,Blenod-5,Gas,petroineos,2026-06-04 08:24:55.568636,5605.0
2024-04-18,Great Britain,Hornsea-1,Wind,petroineos,2026-06-04 08:24:55.513189,779.1967736
2024-04-18,Great Britain,Hornsea-2,Wind,petroineos,2026-06-04 08:24:55.513189,736.7394312
2024-04-18,Great Britain,Pembroke-1,Gas,petroineos,2026-06-04 08:24:55.531654,7599.0
2024-04-18,Great Britain,Pembroke-2,Gas,petroineos,2026-06-04 08:24:55.531654,6100.0
2024-04-19,France,Blenod-5,Gas,petroineos,2026-06-04 08:24:55.568636,5915.0
2024-04-19,Great Britain,Hornsea-1,Wind,petroineos,2026-06-04 08:24:55.513189,193.504586
2024-04-19,Great Britain,Hornsea-2,Wind,petroineos,2026-06-04 08:24:55.513189,287.9323451
2024-04-19,Great Britain,Pembroke-1,Gas,petroineos,2026-06-04 08:24:55.531654,8373.0
2024-04-19,Great Britain,Pembroke-2,Gas,petroineos,2026-06-04 08:24:55.531654,6211.0
2024-04-20,France,Blenod-5,Gas,petroineos,2026-06-04 08:24:55.568636,5112.0
2024-04-20,Great Britain,Hornsea-1,Wind,petroineos,2026-06-04 08:24:55.513189,341.9781696
2024-04-20,Great Britain,Hornsea-2,Wind,petroineos,2026-06-04 08:24:55.513189,242.7501354
2024-04-20,Great Britain,Pembroke-1,Gas,petroineos,2026-06-04 08:24:55.531654,5338.0
2024-04-20,Great Britain,Pembroke-2,Gas,petroineos,2026-06-04 08:24:55.531654,8845.0
2024-04-21,France,Blenod-5,Gas,petroineos,2026-06-04 08:24:55.568636,4419.0
2024-04-21,Great Britain,Hornsea-1,Wind,petroineos,2026-06-04 08:24:55.513189,936.0418848
2024-04-21,Great Britain,Hornsea-2,Wind,petroineos,2026-06-04 08:24:55.513189,292.4618067
2024-04-21,Great Britain,Pembroke-1,Gas,petroineos,2026-06-04 08:24:55.531654,6177.0
2024-04-21,Great Britain,Pembroke-2,Gas,petroineos,2026-06-04 08:24:55.531654,5462.0
2024-04-22,France,Blenod-5,Gas,petroineos,2026-06-04 08:24:55.568636,5840.0
2024-04-22,Great Britain,Hornsea-1,Wind,petroineos,2026-06-04 08:24:55.513189,743.4752851
2024-04-22,Great Britain,Hornsea-2,Wind,petroineos,2026-06-04 08:24:55.513189,53.52629384
2024-04-22,Great Britain,Pembroke-1,Gas,petroineos,2026-06-04 08:24:55.531654,5487.0
2024-04-22,Great Britain,Pembroke-2,Gas,petroineos,2026-06-04 08:24:55.531654,7410.0
2024-04-23,France,Blenod-5,Gas,petroineos,2026-06-04 08:24:55.568636,5553.0
2024-04-23,Great Britain,Hornsea-1,Wind,petroineos,2026-06-04 08:24:55.513189,464.4704805
2024-04-23,Great Britain,Hornsea-2,Wind,petroineos,2026-06-04 08:24:55.513189,469.4414981
2024-04-23,Great Britain,Pembroke-1,Gas,petroineos,2026-06-04 08:24:55.531654,7789.0
2024-04-23,Great Britain,Pembroke-2,Gas,petroineos,2026-06-04 08:24:55.531654,6026.0
2024-04-24,France,Blenod-5,Gas,petroineos,2026-06-04 08:24:55.568636,5016.0
2024-04-24,Great Britain,Hornsea-1,Wind,petroineos,2026-06-04 08:24:55.513189,456.0405009
2024-04-24,Great Britain,Hornsea-2,Wind,petroineos,2026-06-04 08:24:55.513189,451.2872213
2024-04-24,Great Britain,Pembroke-1,Gas,petroineos,2026-06-04 08:24:55.531654,6023.0
2024-04-24,Great Britain,Pembroke-2,Gas,petroineos,2026-06-04 08:24:55.531654,8500.0
2024-04-25,France,Blenod-5,Gas,petroineos,2026-06-04 08:24:55.568636,4491.0
2024-04-25,Great Britain,Hornsea-1,Wind,petroineos,2026-06-04 08:24:55.513189,912.2259452
2024-04-25,Great Britain,Hornsea-2,Wind,petroineos,2026-06-04 08:24:55.513189,37.51407891
2024-04-25,Great Britain,Pembroke-1,Gas,petroineos,2026-06-04 08:24:55.531654,6705.0
2024-04-25,Great Britain,Pembroke-2,Gas,petroineos,2026-06-04 08:24:55.531654,5491.0
2024-04-26,France,Blenod-5,Gas,petroineos,2026-06-04 08:24:55.568636,5332.0
2024-04-26,Great Britain,Hornsea-1,Wind,petroineos,2026-06-04 08:24:55.513189,826.7963024
2024-04-26,Great Britain,Hornsea-2,Wind,petroineos,2026-06-04 08:24:55.513189,837.1897517
2024-04-26,Great Britain,Pembroke-1,Gas,petroineos,2026-06-04 08:24:55.531654,8501.0
2024-04-26,Great Britain,Pembroke-2,Gas,petroineos,2026-06-04 08:24:55.531654,6812.0
2024-04-27,France,Blenod-5,Gas,petroineos,2026-06-04 08:24:55.568636,5812.0
2024-04-27,Great Britain,Hornsea-1,Wind,petroineos,2026-06-04 08:24:55.513189,285.1037559
2024-04-27,Great Britain,Hornsea-2,Wind,petroineos,2026-06-04 08:24:55.513189,365.6814866
2024-04-27,Great Britain,Pembroke-1,Gas,petroineos,2026-06-04 08:24:55.531654,8480.0
2024-04-27,Great Britain,Pembroke-2,Gas,petroineos,2026-06-04 08:24:55.531654,5396.0
2024-04-28,France,Blenod-5,Gas,petroineos,2026-06-04 08:24:55.568636,4692.0
2024-04-28,Great Britain,Hornsea-1,Wind,petroineos,2026-06-04 08:24:55.513189,571.7680724
2024-04-28,Great Britain,Hornsea-2,Wind,petroineos,2026-06-04 08:24:55.513189,681.4992358
2024-04-28,Great Britain,Pembroke-1,Gas,petroineos,2026-06-04 08:24:55.531654,5926.0
2024-04-28,Great Britain,Pembroke-2,Gas,petroineos,2026-06-04 08:24:55.531654,6354.0
2024-04-29,France,Blenod-5,Gas,petroineos,2026-06-04 08:24:55.568636,6016.0
2024-04-29,Great Britain,Hornsea-1,Wind,petroineos,2026-06-04 08:24:55.513189,534.5096918
2024-04-29,Great Britain,Hornsea-2,Wind,petroineos,2026-06-04 08:24:55.513189,164.228258
2024-04-29,Great Britain,Pembroke-1,Gas,petroineos,2026-06-04 08:24:55.531654,6147.0
2024-04-29,Great Britain,Pembroke-2,Gas,petroineos,2026-06-04 08:24:55.531654,8131.0
2024-04-30,France,Blenod-5,Gas,petroineos,2026-06-04 08:24:55.568636,4345.0
2024-04-30,Great Britain,Hornsea-1,Wind,petroineos,2026-06-04 08:24:55.513189,681.184412
2024-04-30,Great Britain,Hornsea-2,Wind,petroineos,2026-06-04 08:24:55.513189,990.088288
2024-04-30,Great Britain,Pembroke-1,Gas,petroineos,2026-06-04 08:24:55.531654,8379.0
2024-04-30,Great Britain,Pembroke-2,Gas,petroineos,2026-06-04 08:24:55.531654,8236.0
2024-05-01,France,Blenod-5,Gas,petroineos,2026-06-04 08:24:55.568636,6812.0
2024-05-01,Great Britain,Hornsea-1,Wind,petroineos,2026-06-04 08:24:55.513189,101.9762534
2024-05-01,Great Britain,Hornsea-2,Wind,petroineos,2026-06-04 08:24:55.513189,680.2969693
2024-05-01,Great Britain,Pembroke-1,Gas,petroineos,2026-06-04 08:24:55.531654,8477.0
2024-05-01,Great Britain,Pembroke-2,Gas,petroineos,2026-06-04 08:24:55.531654,5358.0
2024-05-02,France,Blenod-5,Gas,petroineos,2026-06-04 08:24:55.568636,3929.0
2024-05-02,Great Britain,Hornsea-1,Wind,petroineos,2026-06-04 08:24:55.513189,451.5761811
2024-05-02,Great Britain,Hornsea-2,Wind,petroineos,2026-06-04 08:24:55.513189,700.4729157
2024-05-02,Great Britain,Pembroke-1,Gas,petroineos,2026-06-04 08:24:55.531654,6446.0
2024-05-02,Great Britain,Pembroke-2,Gas,petroineos,2026-06-04 08:24:55.531654,7113.0
2024-05-03,France,Blenod-5,Gas,petroineos,2026-06-04 08:24:55.568636,6339.0
2024-05-03,Great Britain,Hornsea-1,Wind,petroineos,2026-06-04 08:24:55.513189,887.1696158
2024-05-03,Great Britain,Hornsea-2,Wind,petroineos,2026-06-04 08:24:55.513189,189.1034479
2024-05-03,Great Britain,Pembroke-1,Gas,petroineos,2026-06-04 08:24:55.531654,7370.0
2024-05-03,Great Britain,Pembroke-2,Gas,petroineos,2026-06-04 08:24:55.531654,7513.0
2024-05-04,France,Blenod-5,Gas,petroineos,2026-06-04 08:24:55.568636,4372.0
2024-05-04,Great Britain,Hornsea-1,Wind,petroineos,2026-06-04 08:24:55.513189,667.4369129
2024-05-04,Great Britain,Hornsea-2,Wind,petroineos,2026-06-04 08:24:55.513189,543.3545316
2024-05-04,Great Britain,Pembroke-1,Gas,petroineos,2026-06-04 08:24:55.531654,7031.0
2024-05-04,Great Britain,Pembroke-2,Gas,petroineos,2026-06-04 08:24:55.531654,5642.0
2024-05-05,France,Blenod-5,Gas,petroineos,2026-06-04 08:24:55.568636,6898.0
2024-05-05,Great Britain,Hornsea-1,Wind,petroineos,2026-06-04 08:24:55.513189,215.0602215
2024-05-05,Great Britain,Hornsea-2,Wind,petroineos,2026-06-04 08:24:55.513189,462.2583833
2024-05-05,Great Britain,Pembroke-1,Gas,petroineos,2026-06-04 08:24:55.531654,6486.0
2024-05-05,Great Britain,Pembroke-2,Gas,petroineos,2026-06-04 08:24:55.531654,7097.0
2024-05-06,France,Blenod-5,Gas,petroineos,2026-06-04 08:24:55.568636,6373.0
2024-05-06,Great Britain,Hornsea-1,Wind,petroineos,2026-06-04 08:24:55.513189,907.9553389
2024-05-06,Great Britain,Hornsea-2,Wind,petroineos,2026-06-04 08:24:55.513189,757.0202267
2024-05-06,Great Britain,Pembroke-1,Gas,petroineos,2026-06-04 08:24:55.531654,8598.0
2024-05-06,Great Britain,Pembroke-2,Gas,petroineos,2026-06-04 08:24:55.531654,6006.0
2024-05-07,France,Blenod-5,Gas,petroineos,2026-06-04 08:24:55.568636,4871.0
2024-05-07,Great Britain,Hornsea-1,Wind,petroineos,2026-06-04 08:24:55.513189,122.0076776
2024-05-07,Great Britain,Hornsea-2,Wind,petroineos,2026-06-04 08:24:55.513189,384.3004844
2024-05-07,Great Britain,Pembroke-1,Gas,petroineos,2026-06-04 08:24:55.531654,6305.0
2024-05-07,Great Britain,Pembroke-2,Gas,petroineos,2026-06-04 08:24:55.531654,5457.0
2024-05-08,France,Blenod-5,Gas,petroineos,2026-06-04 08:24:55.568636,6698.0
2024-05-08,Great Britain,Hornsea-1,Wind,petroineos,2026-06-04 08:24:55.513189,351.0785544
2024-05-08,Great Britain,Hornsea-2,Wind,petroineos,2026-06-04 08:24:55.513189,894.6555533
2024-05-08,Great Britain,Pembroke-1,Gas,petroineos,2026-06-04 08:24:55.531654,8930.0
2024-05-08,Great Britain,Pembroke-2,Gas,petroineos,2026-06-04 08:24:55.531654,8585.0
2024-05-09,France,Blenod-5,Gas,petroineos,2026-06-04 08:24:55.568636,3382.0
2024-05-09,Great Britain,Hornsea-1,Wind,petroineos,2026-06-04 08:24:55.513189,18.15025244
2024-05-09,Great Britain,Hornsea-2,Wind,petroineos,2026-06-04 08:24:55.513189,45.99446335
2024-05-09,Great Britain,Pembroke-1,Gas,petroineos,2026-06-04 08:24:55.531654,8458.0
2024-05-09,Great Britain,Pembroke-2,Gas,petroineos,2026-06-04 08:24:55.531654,6101.0
2024-05-10,France,Blenod-5,Gas,petroineos,2026-06-04 08:24:55.568636,5369.0
2024-05-10,Great Britain,Hornsea-1,Wind,petroineos,2026-06-04 08:24:55.513189,95.68674183
2024-05-10,Great Britain,Hornsea-2,Wind,petroineos,2026-06-04 08:24:55.513189,181.9893241
2024-05-10,Great Britain,Pembroke-1,Gas,petroineos,2026-06-04 08:24:55.531654,5932.0
2024-05-10,Great Britain,Pembroke-2,Gas,petroineos,2026-06-04 08:24:55.531654,6086.0
2024-05-11,France,Blenod-5,Gas,petroineos,2026-06-04 08:24:55.568636,4198.0
2024-05-11,Great Britain,Hornsea-1,Wind,petroineos,2026-06-04 08:24:55.513189,566.3299249
2024-05-11,Great Britain,Hornsea-2,Wind,petroineos,2026-06-04 08:24:55.513189,904.8543553
2024-05-11,Great Britain,Pembroke-1,Gas,petroineos,2026-06-04 08:24:55.531654,8328.0
2024-05-11,Great Britain,Pembroke-2,Gas,petroineos,2026-06-04 08:24:55.531654,5630.0
2024-05-12,France,Blenod-5,Gas,petroineos,2026-06-04 08:24:55.568636,3191.0
2024-05-12,Great Britain,Hornsea-1,Wind,petroineos,2026-06-04 08:24:55.513189,201.9324855
2024-05-12,Great Britain,Hornsea-2,Wind,petroineos,2026-06-04 08:24:55.513189,689.1128701
2024-05-12,Great Britain,Pembroke-1,Gas,petroineos,2026-06-04 08:24:55.531654,8052.0
2024-05-12,Great Britain,Pembroke-2,Gas,petroineos,2026-06-04 08:24:55.531654,6039.0
2024-05-13,France,Blenod-5,Gas,petroineos,2026-06-04 08:24:55.568636,4577.0
2024-05-13,Great Britain,Hornsea-1,Wind,petroineos,2026-06-04 08:24:55.513189,849.8524931
2024-05-13,Great Britain,Hornsea-2,Wind,petroineos,2026-06-04 08:24:55.513189,656.8842283
2024-05-13,Great Britain,Pembroke-1,Gas,petroineos,2026-06-04 08:24:55.531654,7042.0
2024-05-13,Great Britain,Pembroke-2,Gas,petroineos,2026-06-04 08:24:55.531654,5960.0
2024-05-14,France,Blenod-5,Gas,petroineos,2026-06-04 08:24:55.568636,5487.0
2024-05-14,Great Britain,Hornsea-1,Wind,petroineos,2026-06-04 08:24:55.513189,575.9348456
2024-05-14,Great Britain,Hornsea-2,Wind,petroineos,2026-06-04 08:24:55.513189,945.8891947
2024-05-14,Great Britain,Pembroke-1,Gas,petroineos,2026-06-04 08:24:55.531654,5434.0
2024-05-14,Great Britain,Pembroke-2,Gas,petroineos,2026-06-04 08:24:55.531654,5039.0
2024-05-15,France,Blenod-5,Gas,petroineos,2026-06-04 08:24:55.568636,3744.0
2024-05-15,Great Britain,Hornsea-1,Wind,petroineos,2026-06-04 08:24:55.513189,573.7797378
2024-05-15,Great Britain,Hornsea-2,Wind,petroineos,2026-06-04 08:24:55.513189,16.69431407
2024-05-15,Great Britain,Pembroke-1,Gas,petroineos,2026-06-04 08:24:55.531654,8938.0
2024-05-15,Great Britain,Pembroke-2,Gas,petroineos,2026-06-04 08:24:55.531654,8755.0
2024-05-16,France,Blenod-5,Gas,petroineos,2026-06-04 08:24:55.568636,6634.0
2024-05-16,Great Britain,Hornsea-1,Wind,petroineos,2026-06-04 08:24:55.513189,757.7660701
2024-05-16,Great Britain,Hornsea-2,Wind,petroineos,2026-06-04 08:24:55.513189,728.6695782
2024-05-16,Great Britain,Pembroke-1,Gas,petroineos,2026-06-04 08:24:55.531654,6840.0
2024-05-16,Great Britain,Pembroke-2,Gas,petroineos,2026-06-04 08:24:55.531654,8888.0
2024-05-17,France,Blenod-5,Gas,petroineos,2026-06-04 08:24:55.568636,3059.0
2024-05-17,Great Britain,Hornsea-1,Wind,petroineos,2026-06-04 08:24:55.513189,90.32708041
2024-05-17,Great Britain,Hornsea-2,Wind,petroineos,2026-06-04 08:24:55.513189,688.0236176
2024-05-17,Great Britain,Pembroke-1,Gas,petroineos,2026-06-04 08:24:55.531654,8596.0
2024-05-17,Great Britain,Pembroke-2,Gas,petroineos,2026-06-04 08:24:55.531654,6380.0
2024-05-18,France,Blenod-5,Gas,petroineos,2026-06-04 08:24:55.568636,5242.0
2024-05-18,Great Britain,Hornsea-1,Wind,petroineos,2026-06-04 08:24:55.513189,782.5365544
2024-05-18,Great Britain,Hornsea-2,Wind,petroineos,2026-06-04 08:24:55.513189,962.658133
2024-05-18,Great Britain,Pembroke-1,Gas,petroineos,2026-06-04 08:24:55.531654,7423.0
2024-05-18,Great Britain,Pembroke-2,Gas,petroineos,2026-06-04 08:24:55.531654,5865.0
2024-05-19,France,Blenod-5,Gas,petroineos,2026-06-04 08:24:55.568636,6542.0
2024-05-19,Great Britain,Hornsea-1,Wind,petroineos,2026-06-04 08:24:55.513189,724.5787318
2024-05-19,Great Britain,Hornsea-2,Wind,petroineos,2026-06-04 08:24:55.513189,390.9116193
2024-05-19,Great Britain,Pembroke-1,Gas,petroineos,2026-06-04 08:24:55.531654,5325.0
2024-05-19,Great Britain,Pembroke-2,Gas,petroineos,2026-06-04 08:24:55.531654,5514.0
2024-05-20,France,Blenod-5,Gas,petroineos,2026-06-04 08:24:55.568636,4223.0
2024-05-20,Great Britain,Hornsea-1,Wind,petroineos,2026-06-04 08:24:55.513189,236.999855
2024-05-20,Great Britain,Hornsea-2,Wind,petroineos,2026-06-04 08:24:55.513189,718.8886863
2024-05-20,Great Britain,Pembroke-1,Gas,petroineos,2026-06-04 08:24:55.531654,6976.0
2024-05-20,Great Britain,Pembroke-2,Gas,petroineos,2026-06-04 08:24:55.531654,7672.0
2024-05-21,France,Blenod-5,Gas,petroineos,2026-06-04 08:24:55.568636,3397.0
2024-05-21,Great Britain,Hornsea-1,Wind,petroineos,2026-06-04 08:24:55.513189,726.4625354
2024-05-21,Great Britain,Hornsea-2,Wind,petroineos,2026-06-04 08:24:55.513189,246.4056443
2024-05-21,Great Britain,Pembroke-1,Gas,petroineos,2026-06-04 08:24:55.531654,6624.0
2024-05-21,Great Britain,Pembroke-2,Gas,petroineos,2026-06-04 08:24:55.531654,5538.0
2024-05-22,France,Blenod-5,Gas,petroineos,2026-06-04 08:24:55.568636,3147.0
2024-05-22,Great Britain,Hornsea-1,Wind,petroineos,2026-06-04 08:24:55.513189,586.7944058
2024-05-22,Great Britain,Hornsea-2,Wind,petroineos,2026-06-04 08:24:55.513189,107.146401
2024-05-22,Great Britain,Pembroke-1,Gas,petroineos,2026-06-04 08:24:55.531654,8449.0
2024-05-22,Great Britain,Pembroke-2,Gas,petroineos,2026-06-04 08:24:55.531654,8372.0
2024-05-23,France,Blenod-5,Gas,petroineos,2026-06-04 08:24:55.568636,4398.0
2024-05-23,Great Britain,Hornsea-1,Wind,petroineos,2026-06-04 08:24:55.513189,14.31980602
2024-05-23,Great Britain,Hornsea-2,Wind,petroineos,2026-06-04 08:24:55.513189,770.8043754
2024-05-23,Great Britain,Pembroke-1,Gas,petroineos,2026-06-04 08:24:55.531654,8443.0
2024-05-23,Great Britain,Pembroke-2,Gas,petroineos,2026-06-04 08:24:55.531654,6752.0
2024-05-24,France,Blenod-5,Gas,petroineos,2026-06-04 08:24:55.568636,5643.0
2024-05-24,Great Britain,Hornsea-1,Wind,petroineos,2026-06-04 08:24:55.513189,116.3333179
2024-05-24,Great Britain,Hornsea-2,Wind,petroineos,2026-06-04 08:24:55.513189,826.7441032
2024-05-24,Great Britain,Pembroke-1,Gas,petroineos,2026-06-04 08:24:55.531654,8923.0
2024-05-24,Great Britain,Pembroke-2,Gas,petroineos,2026-06-04 08:24:55.531654,7594.0
2024-05-25,France,Blenod-5,Gas,petroineos,2026-06-04 08:24:55.568636,6551.0
2024-05-25,Great Britain,Hornsea-1,Wind,petroineos,2026-06-04 08:24:55.513189,601.1395721
2024-05-25,Great Britain,Hornsea-2,Wind,petroineos,2026-06-04 08:24:55.513189,739.5461168
2024-05-25,Great Britain,Pembroke-1,Gas,petroineos,2026-06-04 08:24:55.531654,5190.0
2024-05-25,Great Britain,Pembroke-2,Gas,petroineos,2026-06-04 08:24:55.531654,7396.0
2024-05-26,France,Blenod-5,Gas,petroineos,2026-06-04 08:24:55.568636,6166.0
2024-05-26,Great Britain,Hornsea-1,Wind,petroineos,2026-06-04 08:24:55.513189,419.3895191
2024-05-26,Great Britain,Hornsea-2,Wind,petroineos,2026-06-04 08:24:55.513189,334.0058792
2024-05-26,Great Britain,Pembroke-1,Gas,petroineos,2026-06-04 08:24:55.531654,6828.0
2024-05-26,Great Britain,Pembroke-2,Gas,petroineos,2026-06-04 08:24:55.531654,8402.0
2024-05-27,France,Blenod-5,Gas,petroineos,2026-06-04 08:24:55.568636,4425.0
2024-05-27,Great Britain,Hornsea-1,Wind,petroineos,2026-06-04 08:24:55.513189,159.1142052
2024-05-27,Great Britain,Hornsea-2,Wind,petroineos,2026-06-04 08:24:55.513189,800.5244883
2024-05-27,Great Britain,Pembroke-1,Gas,petroineos,2026-06-04 08:24:55.531654,5009.0
2024-05-27,Great Britain,Pembroke-2,Gas,petroineos,2026-06-04 08:24:55.531654,7054.0
2024-05-28,France,Blenod-5,Gas,petroineos,2026-06-04 08:24:55.568636,5922.0
2024-05-28,Great Britain,Hornsea-1,Wind,petroineos,2026-06-04 08:24:55.513189,31.03815596
2024-05-28,Great Britain,Hornsea-2,Wind,petroineos,2026-06-04 08:24:55.513189,327.2593704
2024-05-28,Great Britain,Pembroke-1,Gas,petroineos,2026-06-04 08:24:55.531654,6198.0
2024-05-28,Great Britain,Pembroke-2,Gas,petroineos,2026-06-04 08:24:55.531654,5852.0
2024-05-29,France,Blenod-5,Gas,petroineos,2026-06-04 08:24:55.568636,4889.0
2024-05-29,Great Britain,Hornsea-1,Wind,petroineos,2026-06-04 08:24:55.513189,533.2710985
2024-05-29,Great Britain,Hornsea-2,Wind,petroineos,2026-06-04 08:24:55.513189,86.57323996
2024-05-29,Great Britain,Pembroke-1,Gas,petroineos,2026-06-04 08:24:55.531654,6164.0
2024-05-29,Great Britain,Pembroke-2,Gas,petroineos,2026-06-04 08:24:55.531654,6684.0
2024-05-30,France,Blenod-5,Gas,petroineos,2026-06-04 08:24:55.568636,3333.0
2024-05-30,Great Britain,Hornsea-1,Wind,petroineos,2026-06-04 08:24:55.513189,913.8055159
2024-05-30,Great Britain,Hornsea-2,Wind,petroineos,2026-06-04 08:24:55.513189,440.3797772
2024-05-30,Great Britain,Pembroke-1,Gas,petroineos,2026-06-04 08:24:55.531654,5903.0
2024-05-30,Great Britain,Pembroke-2,Gas,petroineos,2026-06-04 08:24:55.531654,7090.0
2024-05-31,France,Blenod-5,Gas,petroineos,2026-06-04 08:24:55.568636,5562.0
2024-05-31,Great Britain,Hornsea-1,Wind,petroineos,2026-06-04 08:24:55.513189,101.3484039
2024-05-31,Great Britain,Hornsea-2,Wind,petroineos,2026-06-04 08:24:55.513189,416.1225844
2024-05-31,Great Britain,Pembroke-1,Gas,petroineos,2026-06-04 08:24:55.531654,8832.0
2024-05-31,Great Britain,Pembroke-2,Gas,petroineos,2026-06-04 08:24:55.531654,8120.0
2024-06-01,France,Blenod-5,Gas,petroineos,2026-06-04 08:24:55.568636,4252.0
2024-06-01,Great Britain,Hornsea-1,Wind,petroineos,2026-06-04 08:24:55.513189,233.7206177
2024-06-01,Great Britain,Hornsea-2,Wind,petroineos,2026-06-04 08:24:55.513189,169.1019983
2024-06-01,Great Britain,Pembroke-1,Gas,petroineos,2026-06-04 08:24:55.531654,6658.0
2024-06-01,Great Britain,Pembroke-2,Gas,petroineos,2026-06-04 08:24:55.531654,7139.0
2024-06-02,France,Blenod-5,Gas,petroineos,2026-06-04 08:24:55.568636,5211.0
2024-06-02,Great Britain,Hornsea-1,Wind,petroineos,2026-06-04 08:24:55.513189,48.94217702
2024-06-02,Great Britain,Hornsea-2,Wind,petroineos,2026-06-04 08:24:55.513189,334.4659506
2024-06-02,Great Britain,Pembroke-1,Gas,petroineos,2026-06-04 08:24:55.531654,5647.0
2024-06-02,Great Britain,Pembroke-2,Gas,petroineos,2026-06-04 08:24:55.531654,6603.0
2024-06-03,France,Blenod-5,Gas,petroineos,2026-06-04 08:24:55.568636,3853.0
2024-06-03,Great Britain,Hornsea-1,Wind,petroineos,2026-06-04 08:24:55.513189,226.7865789
2024-06-03,Great Britain,Hornsea-2,Wind,petroineos,2026-06-04 08:24:55.513189,385.4983509
2024-06-03,Great Britain,Pembroke-1,Gas,petroineos,2026-06-04 08:24:55.531654,7920.0
2024-06-03,Great Britain,Pembroke-2,Gas,petroineos,2026-06-04 08:24:55.531654,8407.0
2024-06-04,France,Blenod-5,Gas,petroineos,2026-06-04 08:24:55.568636,5685.0
2024-06-04,Great Britain,Hornsea-1,Wind,petroineos,2026-06-04 08:24:55.513189,406.0526593
2024-06-04,Great Britain,Hornsea-2,Wind,petroineos,2026-06-04 08:24:55.513189,536.5476162
2024-06-04,Great Britain,Pembroke-1,Gas,petroineos,2026-06-04 08:24:55.531654,5001.0
2024-06-04,Great Britain,Pembroke-2,Gas,petroineos,2026-06-04 08:24:55.531654,6902.0
2024-06-05,France,Blenod-5,Gas,petroineos,2026-06-04 08:24:55.568636,4712.0
2024-06-05,Great Britain,Hornsea-1,Wind,petroineos,2026-06-04 08:24:55.513189,460.183978
2024-06-05,Great Britain,Hornsea-2,Wind,petroineos,2026-06-04 08:24:55.513189,183.8620171
2024-06-05,Great Britain,Pembroke-1,Gas,petroineos,2026-06-04 08:24:55.531654,7923.0
2024-06-05,Great Britain,Pembroke-2,Gas,petroineos,2026-06-04 08:24:55.531654,7605.0
2024-06-06,France,Blenod-5,Gas,petroineos,2026-06-04 08:24:55.568636,3572.0
2024-06-06,Great Britain,Hornsea-1,Wind,petroineos,2026-06-04 08:24:55.513189,152.1253541
2024-06-06,Great Britain,Hornsea-2,Wind,petroineos,2026-06-04 08:24:55.513189,1.797160951
2024-06-06,Great Britain,Pembroke-1,Gas,petroineos,2026-06-04 08:24:55.531654,6694.0
2024-06-06,Great Britain,Pembroke-2,Gas,petroineos,2026-06-04 08:24:55.531654,8099.0
2024-06-07,France,Blenod-5,Gas,petroineos,2026-06-04 08:24:55.568636,4729.0
2024-06-07,Great Britain,Hornsea-1,Wind,petroineos,2026-06-04 08:24:55.513189,740.4453802
2024-06-07,Great Britain,Hornsea-2,Wind,petroineos,2026-06-04 08:24:55.513189,377.9307003
2024-06-07,Great Britain,Pembroke-1,Gas,petroineos,2026-06-04 08:24:55.531654,5789.0
2024-06-07,Great Britain,Pembroke-2,Gas,petroineos,2026-06-04 08:24:55.531654,5627.0
2024-06-08,France,Blenod-5,Gas,petroineos,2026-06-04 08:24:55.568636,3845.0
2024-06-08,Great Britain,Hornsea-1,Wind,petroineos,2026-06-04 08:24:55.513189,82.0180079
2024-06-08,Great Britain,Hornsea-2,Wind,petroineos,2026-06-04 08:24:55.513189,979.9527828
2024-06-08,Great Britain,Pembroke-1,Gas,petroineos,2026-06-04 08:24:55.531654,5889.0
2024-06-08,Great Britain,Pembroke-2,Gas,petroineos,2026-06-04 08:24:55.531654,7794.0
2024-06-09,France,Blenod-5,Gas,petroineos,2026-06-04 08:24:55.568636,5379.0
2024-06-09,Great Britain,Hornsea-1,Wind,petroineos,2026-06-04 08:24:55.513189,192.7050389
2024-06-09,Great Britain,Hornsea-2,Wind,petroineos,2026-06-04 08:24:55.513189,821.8002969
2024-06-09,Great Britain,Pembroke-1,Gas,petroineos,2026-06-04 08:24:55.531654,8394.0
2024-06-09,Great Britain,Pembroke-2,Gas,petroineos,2026-06-04 08:24:55.531654,7147.0
2024-06-10,France,Blenod-5,Gas,petroineos,2026-06-04 08:24:55.568636,6316.0
2024-06-10,Great Britain,Hornsea-1,Wind,petroineos,2026-06-04 08:24:55.513189,433.828455
2024-06-10,Great Britain,Hornsea-2,Wind,petroineos,2026-06-04 08:24:55.513189,299.3921276
2024-06-10,Great Britain,Pembroke-1,Gas,petroineos,2026-06-04 08:24:55.531654,5562.0
2024-06-10,Great Britain,Pembroke-2,Gas,petroineos,2026-06-04 08:24:55.531654,5617.0
2024-06-11,France,Blenod-5,Gas,petroineos,2026-06-04 08:24:55.568636,5513.0
2024-06-11,Great Britain,Hornsea-1,Wind,petroineos,2026-06-04 08:24:55.513189,681.0232057
2024-06-11,Great Britain,Hornsea-2,Wind,petroineos,2026-06-04 08:24:55.513189,717.9438155
2024-06-11,Great Britain,Pembroke-1,Gas,petroineos,2026-06-04 08:24:55.531654,6293.0
2024-06-11,Great Britain,Pembroke-2,Gas,petroineos,2026-06-04 08:24:55.531654,6978.0
2024-06-12,France,Blenod-5,Gas,petroineos,2026-06-04 08:24:55.568636,5735.0
2024-06-12,Great Britain,Hornsea-1,Wind,petroineos,2026-06-04 08:24:55.513189,688.4347961
2024-06-12,Great Britain,Hornsea-2,Wind,petroineos,2026-06-04 08:24:55.513189,328.3221761
2024-06-12,Great Britain,Pembroke-1,Gas,petroineos,2026-06-04 08:24:55.531654,7579.0
2024-06-12,Great Britain,Pembroke-2,Gas,petroineos,2026-06-04 08:24:55.531654,8636.0
2024-06-13,France,Blenod-5,Gas,petroineos,2026-06-04 08:24:55.568636,5589.0
2024-06-13,Great Britain,Hornsea-1,Wind,petroineos,2026-06-04 08:24:55.513189,585.9840153
2024-06-13,Great Britain,Hornsea-2,Wind,petroineos,2026-06-04 08:24:55.513189,391.1573488
2024-06-13,Great Britain,Pembroke-1,Gas,petroineos,2026-06-04 08:24:55.531654,8433.0
2024-06-13,Great Britain,Pembroke-2,Gas,petroineos,2026-06-04 08:24:55.531654,7392.0
2024-06-14,France,Blenod-5,Gas,petroineos,2026-06-04 08:24:55.568636,5274.0
2024-06-14,Great Britain,Hornsea-1,Wind,petroineos,2026-06-04 08:24:55.513189,565.1346775
2024-06-14,Great Britain,Hornsea-2,Wind,petroineos,2026-06-04 08:24:55.513189,314.6615015
2024-06-14,Great Britain,Pembroke-1,Gas,petroineos,2026-06-04 08:24:55.531654,8178.0
2024-06-14,Great Britain,Pembroke-2,Gas,petroineos,2026-06-04 08:24:55.531654,7586.0
2024-06-15,France,Blenod-5,Gas,petroineos,2026-06-04 08:24:55.568636,4911.0
2024-06-15,Great Britain,Hornsea-1,Wind,petroineos,2026-06-04 08:24:55.513189,175.5214835
2024-06-15,Great Britain,Hornsea-2,Wind,petroineos,2026-06-04 08:24:55.513189,745.146166
2024-06-15,Great Britain,Pembroke-1,Gas,petroineos,2026-06-04 08:24:55.531654,7694.0
2024-06-15,Great Britain,Pembroke-2,Gas,petroineos,2026-06-04 08:24:55.531654,5775.0
2024-06-16,France,Blenod-5,Gas,petroineos,2026-06-04 08:24:55.568636,3411.0
2024-06-16,Great Britain,Hornsea-1,Wind,petroineos,2026-06-04 08:24:55.513189,176.3817354
2024-06-16,Great Britain,Hornsea-2,Wind,petroineos,2026-06-04 08:24:55.513189,116.8778446
2024-06-16,Great Britain,Pembroke-1,Gas,petroineos,2026-06-04 08:24:55.531654,8145.0
2024-06-16,Great Britain,Pembroke-2,Gas,petroineos,2026-06-04 08:24:55.531654,6753.0
2024-06-17,France,Blenod-5,Gas,petroineos,2026-06-04 08:24:55.568636,6365.0
2024-06-17,Great Britain,Hornsea-1,Wind,petroineos,2026-06-04 08:24:55.513189,539.1468865
2024-06-17,Great Britain,Hornsea-2,Wind,petroineos,2026-06-04 08:24:55.513189,655.3277779
2024-06-17,Great Britain,Pembroke-1,Gas,petroineos,2026-06-04 08:24:55.531654,5609.0
2024-06-17,Great Britain,Pembroke-2,Gas,petroineos,2026-06-04 08:24:55.531654,8934.0
2024-06-18,France,Blenod-5,Gas,petroineos,2026-06-04 08:24:55.568636,6733.0
2024-06-18,Great Britain,Hornsea-1,Wind,petroineos,2026-06-04 08:24:55.513189,349.2494702
2024-06-18,Great Britain,Hornsea-2,Wind,petroineos,2026-06-04 08:24:55.513189,220.6415219
2024-06-18,Great Britain,Pembroke-1,Gas,petroineos,2026-06-04 08:24:55.531654,5901.0
2024-06-18,Great Britain,Pembroke-2,Gas,petroineos,2026-06-04 08:24:55.531654,8293.0
2024-06-19,France,Blenod-5,Gas,petroineos,2026-06-04 08:24:55.568636,5483.0
2024-06-19,Great Britain,Hornsea-1,Wind,petroineos,2026-06-04 08:24:55.513189,135.246233
2024-06-19,Great Britain,Hornsea-2,Wind,petroineos,2026-06-04 08:24:55.513189,188.5314737
2024-06-19,Great Britain,Pembroke-1,Gas,petroineos,2026-06-04 08:24:55.531654,6455.0
2024-06-19,Great Britain,Pembroke-2,Gas,petroineos,2026-06-04 08:24:55.531654,8069.0
2024-06-20,France,Blenod-5,Gas,petroineos,2026-06-04 08:24:55.568636,4188.0
2024-06-20,Great Britain,Hornsea-1,Wind,petroineos,2026-06-04 08:24:55.513189,466.6833371
2024-06-20,Great Britain,Hornsea-2,Wind,petroineos,2026-06-04 08:24:55.513189,80.2151068
2024-06-20,Great Britain,Pembroke-1,Gas,petroineos,2026-06-04 08:24:55.531654,6561.0
2024-06-20,Great Britain,Pembroke-2,Gas,petroineos,2026-06-04 08:24:55.531654,8728.0
2024-06-21,France,Blenod-5,Gas,petroineos,2026-06-04 08:24:55.568636,4352.0
2024-06-21,Great Britain,Hornsea-1,Wind,petroineos,2026-06-04 08:24:55.513189,199.1039816
2024-06-21,Great Britain,Hornsea-2,Wind,petroineos,2026-06-04 08:24:55.513189,705.6658403
2024-06-21,Great Britain,Pembroke-1,Gas,petroineos,2026-06-04 08:24:55.531654,8658.0
2024-06-21,Great Britain,Pembroke-2,Gas,petroineos,2026-06-04 08:24:55.531654,5689.0
2024-06-22,France,Blenod-5,Gas,petroineos,2026-06-04 08:24:55.568636,3159.0
2024-06-22,Great Britain,Hornsea-1,Wind,petroineos,2026-06-04 08:24:55.513189,450.0768494
2024-06-22,Great Britain,Hornsea-2,Wind,petroineos,2026-06-04 08:24:55.513189,742.248998
2024-06-22,Great Britain,Pembroke-1,Gas,petroineos,2026-06-04 08:24:55.531654,8172.0
2024-06-22,Great Britain,Pembroke-2,Gas,petroineos,2026-06-04 08:24:55.531654,8274.0
2024-06-23,France,Blenod-5,Gas,petroineos,2026-06-04 08:24:55.568636,4593.0
2024-06-23,Great Britain,Hornsea-1,Wind,petroineos,2026-06-04 08:24:55.513189,852.9955136
2024-06-23,Great Britain,Hornsea-2,Wind,petroineos,2026-06-04 08:24:55.513189,361.2008827
2024-06-23,Great Britain,Pembroke-1,Gas,petroineos,2026-06-04 08:24:55.531654,5989.0
2024-06-23,Great Britain,Pembroke-2,Gas,petroineos,2026-06-04 08:24:55.531654,8615.0
2024-06-24,France,Blenod-5,Gas,petroineos,2026-06-04 08:24:55.568636,5551.0
2024-06-24,Great Britain,Hornsea-1,Wind,petroineos,2026-06-04 08:24:55.513189,16.04235529
2024-06-24,Great Britain,Hornsea-2,Wind,petroineos,2026-06-04 08:24:55.513189,5.303836287
2024-06-24,Great Britain,Pembroke-1,Gas,petroineos,2026-06-04 08:24:55.531654,8978.0
2024-06-24,Great Britain,Pembroke-2,Gas,petroineos,2026-06-04 08:24:55.531654,5746.0
2024-06-25,France,Blenod-5,Gas,petroineos,2026-06-04 08:24:55.568636,6870.0
2024-06-25,Great Britain,Hornsea-1,Wind,petroineos,2026-06-04 08:24:55.513189,122.756107
2024-06-25,Great Britain,Hornsea-2,Wind,petroineos,2026-06-04 08:24:55.513189,383.2075694
2024-06-25,Great Britain,Pembroke-1,Gas,petroineos,2026-06-04 08:24:55.531654,6570.0
2024-06-25,Great Britain,Pembroke-2,Gas,petroineos,2026-06-04 08:24:55.531654,8510.0
2024-06-26,France,Blenod-5,Gas,petroineos,2026-06-04 08:24:55.568636,5883.0
2024-06-26,Great Britain,Hornsea-1,Wind,petroineos,2026-06-04 08:24:55.513189,536.7479176
2024-06-26,Great Britain,Hornsea-2,Wind,petroineos,2026-06-04 08:24:55.513189,486.0073852
2024-06-26,Great Britain,Pembroke-1,Gas,petroineos,2026-06-04 08:24:55.531654,5378.0
2024-06-26,Great Britain,Pembroke-2,Gas,petroineos,2026-06-04 08:24:55.531654,5247.0
2024-06-27,France,Blenod-5,Gas,petroineos,2026-06-04 08:24:55.568636,3083.0
2024-06-27,Great Britain,Hornsea-1,Wind,petroineos,2026-06-04 08:24:55.513189,505.5315281
2024-06-27,Great Britain,Hornsea-2,Wind,petroineos,2026-06-04 08:24:55.513189,425.8198587
2024-06-27,Great Britain,Pembroke-1,Gas,petroineos,2026-06-04 08:24:55.531654,8285.0
2024-06-27,Great Britain,Pembroke-2,Gas,petroineos,2026-06-04 08:24:55.531654,8433.0
2024-06-28,France,Blenod-5,Gas,petroineos,2026-06-04 08:24:55.568636,3403.0
2024-06-28,Great Britain,Hornsea-1,Wind,petroineos,2026-06-04 08:24:55.513189,588.3912693
2024-06-28,Great Britain,Hornsea-2,Wind,petroineos,2026-06-04 08:24:55.513189,183.5323684
2024-06-28,Great Britain,Pembroke-1,Gas,petroineos,2026-06-04 08:24:55.531654,8918.0
2024-06-28,Great Britain,Pembroke-2,Gas,petroineos,2026-06-04 08:24:55.531654,7104.0
2024-06-29,France,Blenod-5,Gas,petroineos,2026-06-04 08:24:55.568636,6768.0
2024-06-29,Great Britain,Hornsea-1,Wind,petroineos,2026-06-04 08:24:55.513189,535.4964281
2024-06-29,Great Britain,Hornsea-2,Wind,petroineos,2026-06-04 08:24:55.513189,222.9287404
2024-06-29,Great Britain,Pembroke-1,Gas,petroineos,2026-06-04 08:24:55.531654,6547.0
2024-06-29,Great Britain,Pembroke-2,Gas,petroineos,2026-06-04 08:24:55.531654,8764.0
2024-06-30,France,Blenod-5,Gas,petroineos,2026-06-04 08:24:55.568636,3442.0
2024-06-30,Great Britain,Hornsea-1,Wind,petroineos,2026-06-04 08:24:55.513189,394.9792377
2024-06-30,Great Britain,Hornsea-2,Wind,petroineos,2026-06-04 08:24:55.513189,270.4734906
2024-06-30,Great Britain,Pembroke-1,Gas,petroineos,2026-06-04 08:24:55.531654,6279.0
2024-06-30,Great Britain,Pembroke-2,Gas,petroineos,2026-06-04 08:24:55.531654,6602.0
2024-07-01,France,Blenod-5,Gas,petroineos,2026-06-04 08:24:55.568636,5740.0
2024-07-01,Great Britain,Hornsea-1,Wind,petroineos,2026-06-04 08:24:55.513189,630.2384393
2024-07-01,Great Britain,Hornsea-2,Wind,petroineos,2026-06-04 08:24:55.513189,547.9842019
2024-07-01,Great Britain,Pembroke-1,Gas,petroineos,2026-06-04 08:24:55.531654,5163.0
2024-07-01,Great Britain,Pembroke-2,Gas,petroineos,2026-06-04 08:24:55.531654,5656.0
2024-07-02,France,Blenod-5,Gas,petroineos,2026-06-04 08:24:55.568636,4603.0
2024-07-02,Great Britain,Hornsea-1,Wind,petroineos,2026-06-04 08:24:55.513189,276.305406
2024-07-02,Great Britain,Hornsea-2,Wind,petroineos,2026-06-04 08:24:55.513189,642.7169888
2024-07-02,Great Britain,Pembroke-1,Gas,petroineos,2026-06-04 08:24:55.531654,8761.0
2024-07-02,Great Britain,Pembroke-2,Gas,petroineos,2026-06-04 08:24:55.531654,6736.0
2024-07-03,France,Blenod-5,Gas,petroineos,2026-06-04 08:24:55.568636,3299.0
2024-07-03,Great Britain,Hornsea-1,Wind,petroineos,2026-06-04 08:24:55.513189,556.1357926
2024-07-03,Great Britain,Hornsea-2,Wind,petroineos,2026-06-04 08:24:55.513189,532.9807957
2024-07-03,Great Britain,Pembroke-1,Gas,petroineos,2026-06-04 08:24:55.531654,6317.0
2024-07-03,Great Britain,Pembroke-2,Gas,petroineos,2026-06-04 08:24:55.531654,8468.0
2024-07-04,France,Blenod-5,Gas,petroineos,2026-06-04 08:24:55.568636,4340.0
2024-07-04,Great Britain,Hornsea-1,Wind,petroineos,2026-06-04 08:24:55.513189,604.3041596
2024-07-04,Great Britain,Hornsea-2,Wind,petroineos,2026-06-04 08:24:55.513189,720.074516
2024-07-04,Great Britain,Pembroke-1,Gas,petroineos,2026-06-04 08:24:55.531654,7144.0
2024-07-04,Great Britain,Pembroke-2,Gas,petroineos,2026-06-04 08:24:55.531654,7899.0
2024-07-05,France,Blenod-5,Gas,petroineos,2026-06-04 08:24:55.568636,6253.0
2024-07-05,Great Britain,Hornsea-1,Wind,petroineos,2026-06-04 08:24:55.513189,896.8524948
2024-07-05,Great Britain,Hornsea-2,Wind,petroineos,2026-06-04 08:24:55.513189,454.4214499
2024-07-05,Great Britain,Pembroke-1,Gas,petroineos,2026-06-04 08:24:55.531654,5077.0
2024-07-05,Great Britain,Pembroke-2,Gas,petroineos,2026-06-04 08:24:55.531654,5972.0
2024-07-06,France,Blenod-5,Gas,petroineos,2026-06-04 08:24:55.568636,6451.0
2024-07-06,Great Britain,Hornsea-1,Wind,petroineos,2026-06-04 08:24:55.513189,331.3850934
2024-07-06,Great Britain,Hornsea-2,Wind,petroineos,2026-06-04 08:24:55.513189,600.8628827
2024-07-06,Great Britain,Pembroke-1,Gas,petroineos,2026-06-04 08:24:55.531654,8707.0
2024-07-06,Great Britain,Pembroke-2,Gas,petroineos,2026-06-04 08:24:55.531654,7711.0
2024-07-07,France,Blenod-5,Gas,petroineos,2026-06-04 08:24:55.568636,6397.0
2024-07-07,Great Britain,Hornsea-1,Wind,petroineos,2026-06-04 08:24:55.513189,214.4562681
2024-07-07,Great Britain,Hornsea-2,Wind,petroineos,2026-06-04 08:24:55.513189,704.0345435
2024-07-07,Great Britain,Pembroke-1,Gas,petroineos,2026-06-04 08:24:55.531654,6534.0
2024-07-07,Great Britain,Pembroke-2,Gas,petroineos,2026-06-04 08:24:55.531654,5356.0
2024-07-08,France,Blenod-5,Gas,petroineos,2026-06-04 08:24:55.568636,3414.0
2024-07-08,Great Britain,Hornsea-1,Wind,petroineos,2026-06-04 08:24:55.513189,369.5114442
2024-07-08,Great Britain,Hornsea-2,Wind,petroineos,2026-06-04 08:24:55.513189,212.9077798
2024-07-08,Great Britain,Pembroke-1,Gas,petroineos,2026-06-04 08:24:55.531654,7105.0
2024-07-08,Great Britain,Pembroke-2,Gas,petroineos,2026-06-04 08:24:55.531654,8882.0
2024-07-09,France,Blenod-5,Gas,petroineos,2026-06-04 08:24:55.568636,6212.0
2024-07-09,Great Britain,Hornsea-1,Wind,petroineos,2026-06-04 08:24:55.513189,935.1765318
2024-07-09,Great Britain,Hornsea-2,Wind,petroineos,2026-06-04 08:24:55.513189,850.8872038
2024-07-09,Great Britain,Pembroke-1,Gas,petroineos,2026-06-04 08:24:55.531654,7843.0
2024-07-09,Great Britain,Pembroke-2,Gas,petroineos,2026-06-04 08:24:55.531654,7093.0
2024-07-10,France,Blenod-5,Gas,petroineos,2026-06-04 08:24:55.568636,5747.0
2024-07-10,Great Britain,Hornsea-1,Wind,petroineos,2026-06-04 08:24:55.513189,186.0453531
2024-07-10,Great Britain,Hornsea-2,Wind,petroineos,2026-06-04 08:12:43.421902,95.7833078
2024-07-10,Great Britain,Pembroke-1,Gas,petroineos,2026-06-04 08:24:55.531654,8065.0
2024-07-10,Great Britain,Pembroke-2,Gas,petroineos,2026-06-04 08:24:55.531654,5114.0
2024-07-11,France,Blenod-5,Gas,petroineos,2026-06-04 08:24:55.568636,6460.0
2024-07-11,Great Britain,Hornsea-1,Wind,petroineos,2026-06-04 08:24:55.513189,346.7582946
2024-07-11,Great Britain,Hornsea-2,Wind,petroineos,2026-06-04 08:12:43.421902,776.7635459
2024-07-11,Great Britain,Pembroke-1,Gas,petroineos,2026-06-04 08:24:55.531654,6701.0
2024-07-11,Great Britain,Pembroke-2,Gas,petroineos,2026-06-04 08:24:55.531654,5865.0
2024-07-12,France,Blenod-5,Gas,petroineos,2026-06-04 08:24:55.568636,3457.0
2024-07-12,Great Britain,Hornsea-1,Wind,petroineos,2026-06-04 08:24:55.513189,165.8619781
2024-07-12,Great Britain,Hornsea-2,Wind,petroineos,2026-06-04 08:12:43.421902,698.1306455
2024-07-12,Great Britain,Pembroke-1,Gas,petroineos,2026-06-04 08:24:55.531654,7424.0
2024-07-12,Great Britain,Pembroke-2,Gas,petroineos,2026-06-04 08:24:55.531654,6127.0
2024-07-13,France,Blenod-5,Gas,petroineos,2026-06-04 08:24:55.568636,4732.0
2024-07-13,Great Britain,Hornsea-1,Wind,petroineos,2026-06-04 08:24:55.513189,15324.72
2024-07-13,Great Britain,Pembroke-1,Gas,petroineos,2026-06-04 08:24:55.531654,8103.0
2024-07-13,Great Britain,Pembroke-2,Gas,petroineos,2026-06-04 08:24:55.531654,6130.0
2024-07-14,France,Blenod-5,Gas,petroineos,2026-06-04 08:24:55.568636,3315.0
2024-07-14,Great Britain,Hornsea-1,Wind,petroineos,2026-06-04 08:24:55.513189,17342.61
2024-07-14,Great Britain,Pembroke-1,Gas,petroineos,2026-06-04 08:24:55.531654,6469.0
2024-07-14,Great Britain,Pembroke-2,Gas,petroineos,2026-06-04 08:24:55.531654,5017.0
2024-07-15,France,Blenod-5,Gas,petroineos,2026-06-04 08:24:55.568636,5317.0
2024-07-15,Great Britain,Hornsea-1,Wind,petroineos,2026-06-04 08:24:55.513189,123731.6
2024-07-15,Great Britain,Hornsea-2,Wind,petroineos,2026-06-04 08:24:55.513189,339.4176879
2024-07-15,Great Britain,Pembroke-1,Gas,petroineos,2026-06-04 08:24:55.531654,7559.0
2024-07-15,Great Britain,Pembroke-2,Gas,petroineos,2026-06-04 08:24:55.531654,8527.0
2024-07-16,France,Blenod-5,Gas,petroineos,2026-06-04 08:24:55.568636,5568.0
2024-07-16,Great Britain,Hornsea-1,Wind,petroineos,2026-06-04 08:24:55.513189,184.3188901
2024-07-16,Great Britain,Hornsea-2,Wind,petroineos,2026-06-04 08:24:55.513189,492.877742
2024-07-16,Great Britain,Pembroke-1,Gas,petroineos,2026-06-04 08:24:55.531654,6396.0
2024-07-16,Great Britain,Pembroke-2,Gas,petroineos,2026-06-04 08:24:55.531654,5983.0
2024-07-17,France,Blenod-5,Gas,petroineos,2026-06-04 08:24:55.568636,6680.0
2024-07-17,Great Britain,Hornsea-1,Wind,petroineos,2026-06-04 08:24:55.513189,167.0591141
2024-07-17,Great Britain,Hornsea-2,Wind,petroineos,2026-06-04 08:24:55.513189,726.5809243
2024-07-17,Great Britain,Pembroke-1,Gas,petroineos,2026-06-04 08:24:55.531654,5726.0
2024-07-17,Great Britain,Pembroke-2,Gas,petroineos,2026-06-04 08:24:55.531654,7752.0
2024-07-18,France,Blenod-5,Gas,petroineos,2026-06-04 08:24:55.568636,4673.0
2024-07-18,Great Britain,Hornsea-1,Wind,petroineos,2026-06-04 08:24:55.513189,140.5876711
2024-07-18,Great Britain,Hornsea-2,Wind,petroineos,2026-06-04 08:24:55.513189,845.9784027
2024-07-18,Great Britain,Pembroke-1,Gas,petroineos,2026-06-04 08:24:55.531654,8631.0
2024-07-18,Great Britain,Pembroke-2,Gas,petroineos,2026-06-04 08:24:55.531654,7977.0
2024-07-19,France,Blenod-5,Gas,petroineos,2026-06-04 08:24:55.568636,4268.0
2024-07-19,Great Britain,Hornsea-1,Wind,petroineos,2026-06-04 08:24:55.513189,918.1716381
2024-07-19,Great Britain,Hornsea-2,Wind,petroineos,2026-06-04 08:24:55.513189,136.1978151
2024-07-19,Great Britain,Pembroke-1,Gas,petroineos,2026-06-04 08:24:55.531654,7971.0
2024-07-19,Great Britain,Pembroke-2,Gas,petroineos,2026-06-04 08:24:55.531654,6868.0
2024-07-20,France,Blenod-5,Gas,petroineos,2026-06-04 08:24:55.568636,3687.0
2024-07-20,Great Britain,Hornsea-1,Wind,petroineos,2026-06-04 08:24:55.513189,396.3219824
2024-07-20,Great Britain,Hornsea-2,Wind,petroineos,2026-06-04 08:24:55.513189,496.6840174
2024-07-20,Great Britain,Pembroke-1,Gas,petroineos,2026-06-04 08:24:55.531654,7326.0
2024-07-20,Great Britain,Pembroke-2,Gas,petroineos,2026-06-04 08:24:55.531654,5921.0
2024-07-21,France,Blenod-5,Gas,petroineos,2026-06-04 08:24:55.568636,5917.0
2024-07-21,Great Britain,Hornsea-1,Wind,petroineos,2026-06-04 08:24:55.513189,8.136290403
2024-07-21,Great Britain,Hornsea-2,Wind,petroineos,2026-06-04 08:24:55.513189,711.2689976
2024-07-21,Great Britain,Pembroke-1,Gas,petroineos,2026-06-04 08:24:55.531654,8983.0
2024-07-21,Great Britain,Pembroke-2,Gas,petroineos,2026-06-04 08:24:55.531654,6481.0
2024-07-22,France,Blenod-5,Gas,petroineos,2026-06-04 08:24:55.568636,3950.0
2024-07-22,Great Britain,Hornsea-1,Wind,petroineos,2026-06-04 08:24:55.513189,324.9441787
2024-07-22,Great Britain,Hornsea-2,Wind,petroineos,2026-06-04 08:24:55.513189,13.20636192
2024-07-22,Great Britain,Pembroke-1,Gas,petroineos,2026-06-04 08:24:55.531654,5641.0
2024-07-22,Great Britain,Pembroke-2,Gas,petroineos,2026-06-04 08:24:55.531654,8981.0
2024-07-23,France,Blenod-5,Gas,petroineos,2026-06-04 08:24:55.568636,4076.0
2024-07-23,Great Britain,Hornsea-1,Wind,petroineos,2026-06-04 08:24:55.513189,740.9094146
2024-07-23,Great Britain,Hornsea-2,Wind,petroineos,2026-06-04 08:24:55.513189,272.2635566
2024-07-23,Great Britain,Pembroke-1,Gas,petroineos,2026-06-04 08:24:55.531654,8186.0
2024-07-23,Great Britain,Pembroke-2,Gas,petroineos,2026-06-04 08:24:55.531654,6561.0
2024-07-24,France,Blenod-5,Gas,petroineos,2026-06-04 08:24:55.568636,4312.0
2024-07-24,Great Britain,Hornsea-1,Wind,petroineos,2026-06-04 08:24:55.513189,944.2582608
2024-07-24,Great Britain,Hornsea-2,Wind,petroineos,2026-06-04 08:24:55.513189,731.4147244
2024-07-24,Great Britain,Pembroke-1,Gas,petroineos,2026-06-04 08:24:55.531654,5578.0
2024-07-24,Great Britain,Pembroke-2,Gas,petroineos,2026-06-04 08:24:55.531654,8075.0
2024-07-25,France,Blenod-5,Gas,petroineos,2026-06-04 08:24:55.568636,4185.0
2024-07-25,Great Britain,Hornsea-1,Wind,petroineos,2026-06-04 08:24:55.513189,375.3326467
2024-07-25,Great Britain,Hornsea-2,Wind,petroineos,2026-06-04 08:24:55.513189,847.6727953
2024-07-25,Great Britain,Pembroke-1,Gas,petroineos,2026-06-04 08:24:55.531654,5851.0
2024-07-25,Great Britain,Pembroke-2,Gas,petroineos,2026-06-04 08:24:55.531654,7380.0
2024-07-26,France,Blenod-5,Gas,petroineos,2026-06-04 08:24:55.568636,4306.0
2024-07-26,Great Britain,Hornsea-1,Wind,petroineos,2026-06-04 08:24:55.513189,159.4890443
2024-07-26,Great Britain,Hornsea-2,Wind,petroineos,2026-06-04 08:24:55.513189,332.5116863
2024-07-26,Great Britain,Pembroke-1,Gas,petroineos,2026-06-04 08:24:55.531654,5499.0
2024-07-26,Great Britain,Pembroke-2,Gas,petroineos,2026-06-04 08:24:55.531654,7326.0
2024-07-27,France,Blenod-5,Gas,petroineos,2026-06-04 08:24:55.568636,5345.0
2024-07-27,Great Britain,Hornsea-1,Wind,petroineos,2026-06-04 08:24:55.513189,426.1760633
2024-07-27,Great Britain,Hornsea-2,Wind,petroineos,2026-06-04 08:24:55.513189,811.2241444
2024-07-27,Great Britain,Pembroke-1,Gas,petroineos,2026-06-04 08:24:55.531654,6024.0
2024-07-27,Great Britain,Pembroke-2,Gas,petroineos,2026-06-04 08:24:55.531654,8120.0
2024-07-28,France,Blenod-5,Gas,petroineos,2026-06-04 08:24:55.568636,5425.0
2024-07-28,Great Britain,Hornsea-1,Wind,petroineos,2026-06-04 08:24:55.513189,499.5717589
2024-07-28,Great Britain,Hornsea-2,Wind,petroineos,2026-06-04 08:24:55.513189,292.9427508
2024-07-28,Great Britain,Pembroke-1,Gas,petroineos,2026-06-04 08:24:55.531654,7807.0
2024-07-28,Great Britain,Pembroke-2,Gas,petroineos,2026-06-04 08:24:55.531654,6925.0
2024-07-29,France,Blenod-5,Gas,petroineos,2026-06-04 08:24:55.568636,5672.0
2024-07-29,Great Britain,Hornsea-1,Wind,petroineos,2026-06-04 08:24:55.513189,891.8117517
2024-07-29,Great Britain,Hornsea-2,Wind,petroineos,2026-06-04 08:24:55.513189,193.7070341
2024-07-29,Great Britain,Pembroke-1,Gas,petroineos,2026-06-04 08:24:55.531654,7484.0
2024-07-29,Great Britain,Pembroke-2,Gas,petroineos,2026-06-04 08:24:55.531654,8470.0
2024-07-30,France,Blenod-5,Gas,petroineos,2026-06-04 08:24:55.568636,6028.0
2024-07-30,Great Britain,Hornsea-1,Wind,petroineos,2026-06-04 08:24:55.513189,566.6081781
2024-07-30,Great Britain,Hornsea-2,Wind,petroineos,2026-06-04 08:24:55.513189,429.743399
2024-07-30,Great Britain,Pembroke-1,Gas,petroineos,2026-06-04 08:24:55.531654,6156.0
2024-07-30,Great Britain,Pembroke-2,Gas,petroineos,2026-06-04 08:24:55.531654,7733.0
2024-07-31,France,Blenod-5,Gas,petroineos,2026-06-04 08:24:55.568636,3115.0
2024-07-31,Great Britain,Hornsea-1,Wind,petroineos,2026-06-04 08:24:55.513189,39.55926829
2024-07-31,Great Britain,Hornsea-2,Wind,petroineos,2026-06-04 08:24:55.513189,324.6029912
2024-07-31,Great Britain,Pembroke-1,Gas,petroineos,2026-06-04 08:24:55.531654,8399.0
2024-07-31,Great Britain,Pembroke-2,Gas,petroineos,2026-06-04 08:24:55.531654,7676.0
2024-08-01,France,Blenod-5,Gas,petroineos,2026-06-04 08:24:55.568636,6646.0
2024-08-01,Great Britain,Hornsea-1,Wind,petroineos,2026-06-04 08:24:55.513189,408.0701775
2024-08-01,Great Britain,Hornsea-2,Wind,petroineos,2026-06-04 08:24:55.513189,553.8693478
2024-08-01,Great Britain,Pembroke-1,Gas,petroineos,2026-06-04 08:24:55.531654,5538.0
2024-08-01,Great Britain,Pembroke-2,Gas,petroineos,2026-06-04 08:24:55.531654,6576.0
2024-08-02,France,Blenod-5,Gas,petroineos,2026-06-04 08:24:55.568636,4353.0
2024-08-02,Great Britain,Hornsea-1,Wind,petroineos,2026-06-04 08:24:55.513189,447.2693847
2024-08-02,Great Britain,Hornsea-2,Wind,petroineos,2026-06-04 08:24:55.513189,487.1352177
2024-08-02,Great Britain,Pembroke-1,Gas,petroineos,2026-06-04 08:24:55.531654,8536.0
2024-08-02,Great Britain,Pembroke-2,Gas,petroineos,2026-06-04 08:24:55.531654,5262.0
2024-08-03,France,Blenod-5,Gas,petroineos,2026-06-04 08:24:55.568636,6288.0
2024-08-03,Great Britain,Hornsea-1,Wind,petroineos,2026-06-04 08:24:55.513189,308.5970709
2024-08-03,Great Britain,Hornsea-2,Wind,petroineos,2026-06-04 08:24:55.513189,859.6981872
2024-08-03,Great Britain,Pembroke-1,Gas,petroineos,2026-06-04 08:24:55.531654,6581.0
2024-08-03,Great Britain,Pembroke-2,Gas,petroineos,2026-06-04 08:24:55.531654,7900.0
2024-08-04,France,Blenod-5,Gas,petroineos,2026-06-04 08:24:55.568636,3467.0
2024-08-04,Great Britain,Hornsea-1,Wind,petroineos,2026-06-04 08:24:55.513189,6.695016408
2024-08-04,Great Britain,Hornsea-2,Wind,petroineos,2026-06-04 08:24:55.513189,612.3641803
2024-08-04,Great Britain,Pembroke-1,Gas,petroineos,2026-06-04 08:24:55.531654,7210.0
2024-08-04,Great Britain,Pembroke-2,Gas,petroineos,2026-06-04 08:24:55.531654,7649.0
2024-08-05,France,Blenod-5,Gas,petroineos,2026-06-04 08:24:55.568636,4268.0
2024-08-05,Great Britain,Hornsea-1,Wind,petroineos,2026-06-04 08:24:55.513189,98.70364852
2024-08-05,Great Britain,Hornsea-2,Wind,petroineos,2026-06-04 08:24:55.513189,61.69844841
2024-08-05,Great Britain,Pembroke-1,Gas,petroineos,2026-06-04 08:24:55.531654,6285.0
2024-08-05,Great Britain,Pembroke-2,Gas,petroineos,2026-06-04 08:24:55.531654,7444.0
2024-08-06,France,Blenod-5,Gas,petroineos,2026-06-04 08:24:55.568636,4203.0
2024-08-06,Great Britain,Hornsea-1,Wind,petroineos,2026-06-04 08:24:55.513189,812.3193273
2024-08-06,Great Britain,Hornsea-2,Wind,petroineos,2026-06-04 08:24:55.513189,937.1042495
2024-08-06,Great Britain,Pembroke-1,Gas,petroineos,2026-06-04 08:24:55.531654,8977.0
2024-08-06,Great Britain,Pembroke-2,Gas,petroineos,2026-06-04 08:24:55.531654,8797.0
2024-08-07,France,Blenod-5,Gas,petroineos,2026-06-04 08:24:55.568636,5812.0
2024-08-07,Great Britain,Hornsea-1,Wind,petroineos,2026-06-04 08:24:55.513189,465.8576493
2024-08-07,Great Britain,Hornsea-2,Wind,petroineos,2026-06-04 08:24:55.513189,439.9320857
2024-08-07,Great Britain,Pembroke-1,Gas,petroineos,2026-06-04 08:24:55.531654,8263.0
2024-08-07,Great Britain,Pembroke-2,Gas,petroineos,2026-06-04 08:24:55.531654,8978.0
2024-08-08,France,Blenod-5,Gas,petroineos,2026-06-04 08:24:55.568636,5394.0
2024-08-08,Great Britain,Hornsea-1,Wind,petroineos,2026-06-04 08:24:55.513189,834.0426233
2024-08-08,Great Britain,Hornsea-2,Wind,petroineos,2026-06-04 08:24:55.513189,392.4302783
2024-08-08,Great Britain,Pembroke-1,Gas,petroineos,2026-06-04 08:24:55.531654,5801.0
2024-08-08,Great Britain,Pembroke-2,Gas,petroineos,2026-06-04 08:24:55.531654,7043.0
2024-08-09,France,Blenod-5,Gas,petroineos,2026-06-04 08:24:55.568636,3762.0
2024-08-09,Great Britain,Hornsea-1,Wind,petroineos,2026-06-04 08:24:55.513189,607.3529329
2024-08-09,Great Britain,Hornsea-2,Wind,petroineos,2026-06-04 08:24:55.513189,146.1199307
2024-08-09,Great Britain,Pembroke-1,Gas,petroineos,2026-06-04 08:24:55.531654,8855.0
2024-08-09,Great Britain,Pembroke-2,Gas,petroineos,2026-06-04 08:24:55.531654,7808.0
2024-08-10,France,Blenod-5,Gas,petroineos,2026-06-04 08:24:55.568636,4815.0
2024-08-10,Great Britain,Hornsea-1,Wind,petroineos,2026-06-04 08:24:55.513189,760.740948
2024-08-10,Great Britain,Hornsea-2,Wind,petroineos,2026-06-04 08:24:55.513189,375.3760373
2024-08-10,Great Britain,Pembroke-1,Gas,petroineos,2026-06-04 08:24:55.531654,8086.0
2024-08-10,Great Britain,Pembroke-2,Gas,petroineos,2026-06-04 08:24:55.531654,8394.0
2024-08-11,France,Blenod-5,Gas,petroineos,2026-06-04 08:24:55.568636,5657.0
2024-08-11,Great Britain,Hornsea-1,Wind,petroineos,2026-06-04 08:24:55.513189,571.6716454
2024-08-11,Great Britain,Hornsea-2,Wind,petroineos,2026-06-04 08:24:55.513189,824.7332167
2024-08-11,Great Britain,Pembroke-1,Gas,petroineos,2026-06-04 08:24:55.531654,8621.0
2024-08-11,Great Britain,Pembroke-2,Gas,petroineos,2026-06-04 08:24:55.531654,6151.0
2024-08-12,France,Blenod-5,Gas,petroineos,2026-06-04 08:24:55.568636,4605.0
2024-08-12,Great Britain,Hornsea-1,Wind,petroineos,2026-06-04 08:24:55.513189,975.6047492
2024-08-12,Great Britain,Hornsea-2,Wind,petroineos,2026-06-04 08:24:55.513189,715.8058069
2024-08-12,Great Britain,Pembroke-1,Gas,petroineos,2026-06-04 08:24:55.531654,6934.0
2024-08-12,Great Britain,Pembroke-2,Gas,petroineos,2026-06-04 08:24:55.531654,8047.0
2024-08-13,France,Blenod-5,Gas,petroineos,2026-06-04 08:24:55.568636,5101.0
2024-08-13,Great Britain,Hornsea-1,Wind,petroineos,2026-06-04 08:24:55.513189,780.3308207
2024-08-13,Great Britain,Hornsea-2,Wind,petroineos,2026-06-04 08:24:55.513189,598.1661751
2024-08-13,Great Britain,Pembroke-1,Gas,petroineos,2026-06-04 08:24:55.531654,7122.0
2024-08-13,Great Britain,Pembroke-2,Gas,petroineos,2026-06-04 08:24:55.531654,5983.0
2024-08-14,France,Blenod-5,Gas,petroineos,2026-06-04 08:24:55.568636,3104.0
2024-08-14,Great Britain,Hornsea-1,Wind,petroineos,2026-06-04 08:24:55.513189,904.8650057
2024-08-14,Great Britain,Hornsea-2,Wind,petroineos,2026-06-04 08:24:55.513189,375.7331209
2024-08-14,Great Britain,Pembroke-1,Gas,petroineos,2026-06-04 08:24:55.531654,7033.0
2024-08-14,Great Britain,Pembroke-2,Gas,petroineos,2026-06-04 08:24:55.531654,6170.0
2024-08-15,France,Blenod-5,Gas,petroineos,2026-06-04 08:24:55.568636,5824.0
2024-08-15,Great Britain,Hornsea-1,Wind,petroineos,2026-06-04 08:24:55.513189,191.7023322
2024-08-15,Great Britain,Hornsea-2,Wind,petroineos,2026-06-04 08:24:55.513189,756.4649121
2024-08-15,Great Britain,Pembroke-1,Gas,petroineos,2026-06-04 08:24:55.531654,7361.0
2024-08-15,Great Britain,Pembroke-2,Gas,petroineos,2026-06-04 08:24:55.531654,8122.0
2024-08-16,France,Blenod-5,Gas,petroineos,2026-06-04 08:24:55.568636,6843.0
2024-08-16,Great Britain,Hornsea-1,Wind,petroineos,2026-06-04 08:24:55.513189,750.1351958
2024-08-16,Great Britain,Hornsea-2,Wind,petroineos,2026-06-04 08:24:55.513189,445.7674256
2024-08-16,Great Britain,Pembroke-1,Gas,petroineos,2026-06-04 08:24:55.531654,7041.0
2024-08-16,Great Britain,Pembroke-2,Gas,petroineos,2026-06-04 08:24:55.531654,6776.0
2024-08-17,France,Blenod-5,Gas,petroineos,2026-06-04 08:24:55.568636,6836.0
2024-08-17,Great Britain,Hornsea-1,Wind,petroineos,2026-06-04 08:24:55.513189,944.0927824
2024-08-17,Great Britain,Hornsea-2,Wind,petroineos,2026-06-04 08:24:55.513189,441.4981213
2024-08-17,Great Britain,Pembroke-1,Gas,petroineos,2026-06-04 08:24:55.531654,5960.0
2024-08-17,Great Britain,Pembroke-2,Gas,petroineos,2026-06-04 08:24:55.531654,8068.0
2024-08-18,France,Blenod-5,Gas,petroineos,2026-06-04 08:24:55.568636,4144.0
2024-08-18,Great Britain,Hornsea-1,Wind,petroineos,2026-06-04 08:24:55.513189,672.8073799
2024-08-18,Great Britain,Hornsea-2,Wind,petroineos,2026-06-04 08:24:55.513189,232.1425592
2024-08-18,Great Britain,Pembroke-1,Gas,petroineos,2026-06-04 08:24:55.531654,6735.0
2024-08-18,Great Britain,Pembroke-2,Gas,petroineos,2026-06-04 08:24:55.531654,6585.0
2024-08-19,France,Blenod-5,Gas,petroineos,2026-06-04 08:24:55.568636,6635.0
2024-08-19,Great Britain,Hornsea-1,Wind,petroineos,2026-06-04 08:24:55.513189,905.4136256
2024-08-19,Great Britain,Hornsea-2,Wind,petroineos,2026-06-04 08:24:55.513189,69.66203661
2024-08-19,Great Britain,Pembroke-1,Gas,petroineos,2026-06-04 08:24:55.531654,5049.0
2024-08-19,Great Britain,Pembroke-2,Gas,petroineos,2026-06-04 08:24:55.531654,7563.0
2024-08-20,France,Blenod-5,Gas,petroineos,2026-06-04 08:24:55.568636,5013.0
2024-08-20,Great Britain,Hornsea-1,Wind,petroineos,2026-06-04 08:24:55.513189,309.0213084
2024-08-20,Great Britain,Hornsea-2,Wind,petroineos,2026-06-04 08:24:55.513189,415.7601619
2024-08-20,Great Britain,Pembroke-1,Gas,petroineos,2026-06-04 08:24:55.531654,6353.0
2024-08-20,Great Britain,Pembroke-2,Gas,petroineos,2026-06-04 08:24:55.531654,8529.0
2024-08-21,France,Blenod-5,Gas,petroineos,2026-06-04 08:24:55.568636,6750.0
2024-08-21,Great Britain,Hornsea-1,Wind,petroineos,2026-06-04 08:24:55.513189,988.3552435
2024-08-21,Great Britain,Hornsea-2,Wind,petroineos,2026-06-04 08:24:55.513189,196.3805616
2024-08-21,Great Britain,Pembroke-1,Gas,petroineos,2026-06-04 08:24:55.531654,8753.0
2024-08-21,Great Britain,Pembroke-2,Gas,petroineos,2026-06-04 08:24:55.531654,6350.0
2024-08-22,France,Blenod-5,Gas,petroineos,2026-06-04 08:24:55.568636,6562.0
2024-08-22,Great Britain,Hornsea-1,Wind,petroineos,2026-06-04 08:24:55.513189,823.624275
2024-08-22,Great Britain,Hornsea-2,Wind,petroineos,2026-06-04 08:24:55.513189,37.23169057
2024-08-22,Great Britain,Pembroke-1,Gas,petroineos,2026-06-04 08:24:55.531654,8457.0
2024-08-22,Great Britain,Pembroke-2,Gas,petroineos,2026-06-04 08:24:55.531654,8332.0
2024-08-23,France,Blenod-5,Gas,petroineos,2026-06-04 08:24:55.568636,6973.0
2024-08-23,Great Britain,Hornsea-1,Wind,petroineos,2026-06-04 08:24:55.513189,593.398805
2024-08-23,Great Britain,Hornsea-2,Wind,petroineos,2026-06-04 08:24:55.513189,60.29661614
2024-08-23,Great Britain,Pembroke-1,Gas,petroineos,2026-06-04 08:24:55.531654,6754.0
2024-08-23,Great Britain,Pembroke-2,Gas,petroineos,2026-06-04 08:24:55.531654,6405.0
2024-08-24,France,Blenod-5,Gas,petroineos,2026-06-04 08:24:55.568636,6625.0
2024-08-24,Great Britain,Hornsea-1,Wind,petroineos,2026-06-04 08:24:55.513189,422.5587761
2024-08-24,Great Britain,Hornsea-2,Wind,petroineos,2026-06-04 08:24:55.513189,877.6419629
2024-08-24,Great Britain,Pembroke-1,Gas,petroineos,2026-06-04 08:24:55.531654,5647.0
2024-08-24,Great Britain,Pembroke-2,Gas,petroineos,2026-06-04 08:24:55.531654,8352.0
2024-08-25,France,Blenod-5,Gas,petroineos,2026-06-04 08:24:55.568636,5548.0
2024-08-25,Great Britain,Hornsea-1,Wind,petroineos,2026-06-04 08:24:55.513189,834.5156466
2024-08-25,Great Britain,Hornsea-2,Wind,petroineos,2026-06-04 08:24:55.513189,999.0003732
2024-08-25,Great Britain,Pembroke-1,Gas,petroineos,2026-06-04 08:24:55.531654,7104.0
2024-08-25,Great Britain,Pembroke-2,Gas,petroineos,2026-06-04 08:24:55.531654,7813.0
2024-08-26,France,Blenod-5,Gas,petroineos,2026-06-04 08:24:55.568636,3472.0
2024-08-26,Great Britain,Hornsea-1,Wind,petroineos,2026-06-04 08:24:55.513189,947.1695262
2024-08-26,Great Britain,Hornsea-2,Wind,petroineos,2026-06-04 08:24:55.513189,231.8290146
2024-08-26,Great Britain,Pembroke-1,Gas,petroineos,2026-06-04 08:24:55.531654,7674.0
2024-08-26,Great Britain,Pembroke-2,Gas,petroineos,2026-06-04 08:24:55.531654,7587.0
2024-08-27,France,Blenod-5,Gas,petroineos,2026-06-04 08:24:55.568636,4113.0
2024-08-27,Great Britain,Hornsea-1,Wind,petroineos,2026-06-04 08:24:55.513189,393.7373699
2024-08-27,Great Britain,Hornsea-2,Wind,petroineos,2026-06-04 08:24:55.513189,689.5420923
2024-08-27,Great Britain,Pembroke-1,Gas,petroineos,2026-06-04 08:24:55.531654,8655.0
2024-08-27,Great Britain,Pembroke-2,Gas,petroineos,2026-06-04 08:24:55.531654,6017.0
2024-08-28,France,Blenod-5,Gas,petroineos,2026-06-04 08:24:55.568636,6508.0
2024-08-28,Great Britain,Hornsea-1,Wind,petroineos,2026-06-04 08:24:55.513189,404.7068599
2024-08-28,Great Britain,Hornsea-2,Wind,petroineos,2026-06-04 08:24:55.513189,64.7159684
2024-08-28,Great Britain,Pembroke-1,Gas,petroineos,2026-06-04 08:24:55.531654,7440.0
2024-08-28,Great Britain,Pembroke-2,Gas,petroineos,2026-06-04 08:24:55.531654,8873.0
2024-08-29,France,Blenod-5,Gas,petroineos,2026-06-04 08:24:55.568636,4691.0
2024-08-29,Great Britain,Hornsea-1,Wind,petroineos,2026-06-04 08:24:55.513189,845.2793997
2024-08-29,Great Britain,Hornsea-2,Wind,petroineos,2026-06-04 08:24:55.513189,736.8141333
2024-08-29,Great Britain,Pembroke-1,Gas,petroineos,2026-06-04 08:24:55.531654,7542.0
2024-08-29,Great Britain,Pembroke-2,Gas,petroineos,2026-06-04 08:24:55.531654,7567.0
2024-08-30,France,Blenod-5,Gas,petroineos,2026-06-04 08:24:55.568636,4836.0
2024-08-30,Great Britain,Hornsea-1,Wind,petroineos,2026-06-04 08:24:55.513189,630.3424034
2024-08-30,Great Britain,Hornsea-2,Wind,petroineos,2026-06-04 08:24:55.513189,373.8306891
2024-08-30,Great Britain,Pembroke-1,Gas,petroineos,2026-06-04 08:24:55.531654,6948.0
2024-08-30,Great Britain,Pembroke-2,Gas,petroineos,2026-06-04 08:24:55.531654,7908.0
2024-08-31,France,Blenod-5,Gas,petroineos,2026-06-04 08:24:55.568636,5336.0
2024-08-31,Great Britain,Hornsea-1,Wind,petroineos,2026-06-04 08:24:55.513189,821.0979288
2024-08-31,Great Britain,Hornsea-2,Wind,petroineos,2026-06-04 08:24:55.513189,713.3972642
2024-08-31,Great Britain,Pembroke-1,Gas,petroineos,2026-06-04 08:24:55.531654,5979.0
2024-08-31,Great Britain,Pembroke-2,Gas,petroineos,2026-06-04 08:24:55.531654,8063.0
2024-09-01,France,Blenod-5,Gas,petroineos,2026-06-04 08:24:55.568636,4311.0
2024-09-01,Great Britain,Hornsea-1,Wind,petroineos,2026-06-04 08:24:55.513189,273.1590326
2024-09-01,Great Britain,Hornsea-2,Wind,petroineos,2026-06-04 08:24:55.513189,141.6416313
2024-09-01,Great Britain,Pembroke-1,Gas,petroineos,2026-06-04 08:24:55.531654,8697.0
2024-09-01,Great Britain,Pembroke-2,Gas,petroineos,2026-06-04 08:24:55.531654,8187.0
2024-09-02,France,Blenod-5,Gas,petroineos,2026-06-04 08:24:55.568636,5578.0
2024-09-02,Great Britain,Hornsea-1,Wind,petroineos,2026-06-04 08:24:55.513189,24.26015911
2024-09-02,Great Britain,Hornsea-2,Wind,petroineos,2026-06-04 08:24:55.513189,80.13847914
2024-09-02,Great Britain,Pembroke-1,Gas,petroineos,2026-06-04 08:24:55.531654,7422.0
2024-09-02,Great Britain,Pembroke-2,Gas,petroineos,2026-06-04 08:24:55.531654,8515.0
2024-09-03,France,Blenod-5,Gas,petroineos,2026-06-04 08:24:55.568636,4211.0
2024-09-03,Great Britain,Hornsea-1,Wind,petroineos,2026-06-04 08:24:55.513189,415.0891836
2024-09-03,Great Britain,Hornsea-2,Wind,petroineos,2026-06-04 08:24:55.513189,828.9349096
2024-09-03,Great Britain,Pembroke-1,Gas,petroineos,2026-06-04 08:24:55.531654,8791.0
2024-09-03,Great Britain,Pembroke-2,Gas,petroineos,2026-06-04 08:24:55.531654,5904.0
2024-09-04,France,Blenod-5,Gas,petroineos,2026-06-04 08:24:55.568636,6833.0
2024-09-04,Great Britain,Hornsea-1,Wind,petroineos,2026-06-04 08:24:55.513189,373.7941222
2024-09-04,Great Britain,Hornsea-2,Wind,petroineos,2026-06-04 08:24:55.513189,277.6114939
2024-09-04,Great Britain,Pembroke-1,Gas,petroineos,2026-06-04 08:24:55.531654,8608.0
2024-09-04,Great Britain,Pembroke-2,Gas,petroineos,2026-06-04 08:24:55.531654,7530.0
2024-09-05,France,Blenod-5,Gas,petroineos,2026-06-04 08:24:55.568636,3474.0
2024-09-05,Great Britain,Hornsea-1,Wind,petroineos,2026-06-04 08:24:55.513189,421.6215747
2024-09-05,Great Britain,Hornsea-2,Wind,petroineos,2026-06-04 08:24:55.513189,955.7043041
2024-09-05,Great Britain,Pembroke-1,Gas,petroineos,2026-06-04 08:24:55.531654,8520.0
2024-09-05,Great Britain,Pembroke-2,Gas,petroineos,2026-06-04 08:24:55.531654,6497.0
2024-09-06,France,Blenod-5,Gas,petroineos,2026-06-04 08:24:55.568636,3116.0
2024-09-06,Great Britain,Hornsea-1,Wind,petroineos,2026-06-04 08:24:55.513189,157.5949128
2024-09-06,Great Britain,Hornsea-2,Wind,petroineos,2026-06-04 08:24:55.513189,209.3926264
2024-09-06,Great Britain,Pembroke-1,Gas,petroineos,2026-06-04 08:24:55.531654,7566.0
2024-09-06,Great Britain,Pembroke-2,Gas,petroineos,2026-06-04 08:24:55.531654,5749.0
2024-09-07,France,Blenod-5,Gas,petroineos,2026-06-04 08:24:55.568636,3616.0
2024-09-07,Great Britain,Hornsea-1,Wind,petroineos,2026-06-04 08:24:55.513189,569.5605237
2024-09-07,Great Britain,Hornsea-2,Wind,petroineos,2026-06-04 08:24:55.513189,614.468268
2024-09-07,Great Britain,Pembroke-1,Gas,petroineos,2026-06-04 08:24:55.531654,8665.0
2024-09-07,Great Britain,Pembroke-2,Gas,petroineos,2026-06-04 08:24:55.531654,6238.0
2024-09-08,France,Blenod-5,Gas,petroineos,2026-06-04 08:24:55.568636,5818.0
2024-09-08,Great Britain,Hornsea-1,Wind,petroineos,2026-06-04 08:24:55.513189,628.88382
2024-09-08,Great Britain,Hornsea-2,Wind,petroineos,2026-06-04 08:24:55.513189,440.4100608
2024-09-08,Great Britain,Pembroke-1,Gas,petroineos,2026-06-04 08:24:55.531654,7954.0
2024-09-08,Great Britain,Pembroke-2,Gas,petroineos,2026-06-04 08:24:55.531654,6361.0
2024-09-09,France,Blenod-5,Gas,petroineos,2026-06-04 08:24:55.568636,6922.0
2024-09-09,Great Britain,Hornsea-1,Wind,petroineos,2026-06-04 08:24:55.513189,751.8748474
2024-09-09,Great Britain,Hornsea-2,Wind,petroineos,2026-06-04 08:24:55.513189,169.3705054
2024-09-09,Great Britain,Pembroke-1,Gas,petroineos,2026-06-04 08:24:55.531654,7304.0
2024-09-09,Great Britain,Pembroke-2,Gas,petroineos,2026-06-04 08:24:55.531654,7875.0
2024-09-10,France,Blenod-5,Gas,petroineos,2026-06-04 08:24:55.568636,3541.0
2024-09-10,Great Britain,Hornsea-1,Wind,petroineos,2026-06-04 08:24:55.513189,656.9052174
2024-09-10,Great Britain,Hornsea-2,Wind,petroineos,2026-06-04 08:24:55.513189,793.8832184
2024-09-10,Great Britain,Pembroke-1,Gas,petroineos,2026-06-04 08:24:55.531654,6629.0
2024-09-10,Great Britain,Pembroke-2,Gas,petroineos,2026-06-04 08:24:55.531654,6504.0
2024-09-11,France,Blenod-5,Gas,petroineos,2026-06-04 08:24:55.568636,3110.0
2024-09-11,Great Britain,Hornsea-1,Wind,petroineos,2026-06-04 08:24:55.513189,150.4863418
2024-09-11,Great Britain,Hornsea-2,Wind,petroineos,2026-06-04 08:24:55.513189,992.2252571
2024-09-11,Great Britain,Pembroke-1,Gas,petroineos,2026-06-04 08:24:55.531654,8737.0
2024-09-11,Great Britain,Pembroke-2,Gas,petroineos,2026-06-04 08:24:55.531654,8088.0
2024-09-12,France,Blenod-5,Gas,petroineos,2026-06-04 08:24:55.568636,4097.0
2024-09-12,Great Britain,Hornsea-1,Wind,petroineos,2026-06-04 08:24:55.513189,134.3271165
2024-09-12,Great Britain,Hornsea-2,Wind,petroineos,2026-06-04 08:24:55.513189,572.0250451
2024-09-12,Great Britain,Pembroke-1,Gas,petroineos,2026-06-04 08:24:55.531654,6920.0
2024-09-12,Great Britain,Pembroke-2,Gas,petroineos,2026-06-04 08:24:55.531654,7514.0
2024-09-13,France,Blenod-5,Gas,petroineos,2026-06-04 08:24:55.568636,3211.0
2024-09-13,Great Britain,Hornsea-1,Wind,petroineos,2026-06-04 08:24:55.513189,464.3943407
2024-09-13,Great Britain,Hornsea-2,Wind,petroineos,2026-06-04 08:24:55.513189,486.5323581
2024-09-13,Great Britain,Pembroke-1,Gas,petroineos,2026-06-04 08:24:55.531654,6201.0
2024-09-13,Great Britain,Pembroke-2,Gas,petroineos,2026-06-04 08:24:55.531654,5407.0
2024-09-14,France,Blenod-5,Gas,petroineos,2026-06-04 08:24:55.568636,4205.0
2024-09-14,Great Britain,Hornsea-1,Wind,petroineos,2026-06-04 08:24:55.513189,573.6858457
2024-09-14,Great Britain,Hornsea-2,Wind,petroineos,2026-06-04 08:24:55.513189,611.3075954
2024-09-14,Great Britain,Pembroke-1,Gas,petroineos,2026-06-04 08:24:55.531654,7685.0
2024-09-14,Great Britain,Pembroke-2,Gas,petroineos,2026-06-04 08:24:55.531654,8931.0
2024-09-15,France,Blenod-5,Gas,petroineos,2026-06-04 08:24:55.568636,4452.0
2024-09-15,Great Britain,Hornsea-1,Wind,petroineos,2026-06-04 08:24:55.513189,384.190096
2024-09-15,Great Britain,Hornsea-2,Wind,petroineos,2026-06-04 08:24:55.513189,544.5544873
2024-09-15,Great Britain,Pembroke-1,Gas,petroineos,2026-06-04 08:24:55.531654,7994.0
2024-09-15,Great Britain,Pembroke-2,Gas,petroineos,2026-06-04 08:24:55.531654,5009.0
2024-09-16,France,Blenod-5,Gas,petroineos,2026-06-04 08:24:55.568636,6455.0
2024-09-16,Great Britain,Hornsea-1,Wind,petroineos,2026-06-04 08:24:55.513189,887.4994959
2024-09-16,Great Britain,Hornsea-2,Wind,petroineos,2026-06-04 08:24:55.513189,319.7320821
2024-09-16,Great Britain,Pembroke-1,Gas,petroineos,2026-06-04 08:24:55.531654,8925.0
2024-09-16,Great Britain,Pembroke-2,Gas,petroineos,2026-06-04 08:24:55.531654,5356.0
2024-09-17,France,Blenod-5,Gas,petroineos,2026-06-04 08:24:55.568636,6440.0
2024-09-17,Great Britain,Hornsea-1,Wind,petroineos,2026-06-04 08:24:55.513189,895.9785413
2024-09-17,Great Britain,Hornsea-2,Wind,petroineos,2026-06-04 08:24:55.513189,436.3950701
2024-09-17,Great Britain,Pembroke-1,Gas,petroineos,2026-06-04 08:24:55.531654,6364.0
2024-09-17,Great Britain,Pembroke-2,Gas,petroineos,2026-06-04 08:24:55.531654,6197.0
2024-09-18,France,Blenod-5,Gas,petroineos,2026-06-04 08:24:55.568636,5438.0
2024-09-18,Great Britain,Hornsea-1,Wind,petroineos,2026-06-04 08:24:55.513189,277.0717588
2024-09-18,Great Britain,Hornsea-2,Wind,petroineos,2026-06-04 08:24:55.513189,715.6351678
2024-09-18,Great Britain,Pembroke-1,Gas,petroineos,2026-06-04 08:24:55.531654,7248.0
2024-09-18,Great Britain,Pembroke-2,Gas,petroineos,2026-06-04 08:24:55.531654,7295.0
2024-09-19,France,Blenod-5,Gas,petroineos,2026-06-04 08:24:55.568636,5086.0
2024-09-19,Great Britain,Hornsea-1,Wind,petroineos,2026-06-04 08:24:55.513189,945.4472249
2024-09-19,Great Britain,Hornsea-2,Wind,petroineos,2026-06-04 08:24:55.513189,217.6176014
2024-09-19,Great Britain,Pembroke-1,Gas,petroineos,2026-06-04 08:24:55.531654,6343.0
2024-09-19,Great Britain,Pembroke-2,Gas,petroineos,2026-06-04 08:24:55.531654,5579.0
2024-09-20,France,Blenod-5,Gas,petroineos,2026-06-04 08:24:55.568636,6153.0
2024-09-20,Great Britain,Hornsea-1,Wind,petroineos,2026-06-04 08:24:55.513189,585.638556
2024-09-20,Great Britain,Hornsea-2,Wind,petroineos,2026-06-04 08:24:55.513189,243.2711637
2024-09-20,Great Britain,Pembroke-1,Gas,petroineos,2026-06-04 08:24:55.531654,7622.0
2024-09-20,Great Britain,Pembroke-2,Gas,petroineos,2026-06-04 08:24:55.531654,8681.0
2024-09-21,France,Blenod-5,Gas,petroineos,2026-06-04 08:24:55.568636,3985.0
2024-09-21,Great Britain,Hornsea-1,Wind,petroineos,2026-06-04 08:24:55.513189,187.8339102
2024-09-21,Great Britain,Hornsea-2,Wind,petroineos,2026-06-04 08:24:55.513189,113.9065422
2024-09-21,Great Britain,Pembroke-1,Gas,petroineos,2026-06-04 08:24:55.531654,7319.0
2024-09-21,Great Britain,Pembroke-2,Gas,petroineos,2026-06-04 08:24:55.531654,5306.0
2024-09-22,France,Blenod-5,Gas,petroineos,2026-06-04 08:24:55.568636,5041.0
2024-09-22,Great Britain,Hornsea-1,Wind,petroineos,2026-06-04 08:24:55.513189,89.81981817
2024-09-22,Great Britain,Hornsea-2,Wind,petroineos,2026-06-04 08:24:55.513189,253.8065456
2024-09-22,Great Britain,Pembroke-1,Gas,petroineos,2026-06-04 08:24:55.531654,5494.0
2024-09-22,Great Britain,Pembroke-2,Gas,petroineos,2026-06-04 08:24:55.531654,6427.0
2024-09-23,France,Blenod-5,Gas,petroineos,2026-06-04 08:24:55.568636,5853.0
2024-09-23,Great Britain,Hornsea-1,Wind,petroineos,2026-06-04 08:24:55.513189,836.1033045
2024-09-23,Great Britain,Hornsea-2,Wind,petroineos,2026-06-04 08:24:55.513189,201.8680145
2024-09-23,Great Britain,Pembroke-1,Gas,petroineos,2026-06-04 08:24:55.531654,5149.0
2024-09-23,Great Britain,Pembroke-2,Gas,petroineos,2026-06-04 08:24:55.531654,5026.0
2024-09-24,France,Blenod-5,Gas,petroineos,2026-06-04 08:24:55.568636,5700.0
2024-09-24,Great Britain,Hornsea-1,Wind,petroineos,2026-06-04 08:24:55.513189,287.9754969
2024-09-24,Great Britain,Hornsea-2,Wind,petroineos,2026-06-04 08:24:55.513189,644.1369169
2024-09-24,Great Britain,Pembroke-1,Gas,petroineos,2026-06-04 08:24:55.531654,6399.0
2024-09-24,Great Britain,Pembroke-2,Gas,petroineos,2026-06-04 08:24:55.531654,5358.0
2024-09-25,France,Blenod-5,Gas,petroineos,2026-06-04 08:24:55.568636,4808.0
2024-09-25,Great Britain,Hornsea-1,Wind,petroineos,2026-06-04 08:24:55.513189,523.9512866
2024-09-25,Great Britain,Hornsea-2,Wind,petroineos,2026-06-04 08:24:55.513189,413.452603
2024-09-25,Great Britain,Pembroke-1,Gas,petroineos,2026-06-04 08:24:55.531654,8919.0
2024-09-25,Great Britain,Pembroke-2,Gas,petroineos,2026-06-04 08:24:55.531654,5569.0
2024-09-26,France,Blenod-5,Gas,petroineos,2026-06-04 08:24:55.568636,6085.0
2024-09-26,Great Britain,Hornsea-1,Wind,petroineos,2026-06-04 08:24:55.513189,643.3650567
2024-09-26,Great Britain,Hornsea-2,Wind,petroineos,2026-06-04 08:24:55.513189,864.96576
2024-09-26,Great Britain,Pembroke-1,Gas,petroineos,2026-06-04 08:24:55.531654,5160.0
2024-09-26,Great Britain,Pembroke-2,Gas,petroineos,2026-06-04 08:24:55.531654,5271.0
2024-09-27,France,Blenod-5,Gas,petroineos,2026-06-04 08:24:55.568636,4870.0
2024-09-27,Great Britain,Hornsea-1,Wind,petroineos,2026-06-04 08:24:55.513189,316.6639486
2024-09-27,Great Britain,Hornsea-2,Wind,petroineos,2026-06-04 08:24:55.513189,802.5383076
2024-09-27,Great Britain,Pembroke-1,Gas,petroineos,2026-06-04 08:24:55.531654,5356.0
2024-09-27,Great Britain,Pembroke-2,Gas,petroineos,2026-06-04 08:24:55.531654,6348.0
2024-09-28,France,Blenod-5,Gas,petroineos,2026-06-04 08:24:55.568636,4292.0
2024-09-28,Great Britain,Hornsea-1,Wind,petroineos,2026-06-04 08:24:55.513189,192.4688202
2024-09-28,Great Britain,Hornsea-2,Wind,petroineos,2026-06-04 08:24:55.513189,262.339973
2024-09-28,Great Britain,Pembroke-1,Gas,petroineos,2026-06-04 08:24:55.531654,8268.0
2024-09-28,Great Britain,Pembroke-2,Gas,petroineos,2026-06-04 08:24:55.531654,6520.0
2024-09-29,France,Blenod-5,Gas,petroineos,2026-06-04 08:24:55.568636,4755.0
2024-09-29,Great Britain,Hornsea-1,Wind,petroineos,2026-06-04 08:24:55.513189,752.0516621
2024-09-29,Great Britain,Hornsea-2,Wind,petroineos,2026-06-04 08:24:55.513189,299.9143114
2024-09-29,Great Britain,Pembroke-1,Gas,petroineos,2026-06-04 08:24:55.531654,7642.0
2024-09-29,Great Britain,Pembroke-2,Gas,petroineos,2026-06-04 08:24:55.531654,6820.0
2024-09-30,France,Blenod-5,Gas,petroineos,2026-06-04 08:24:55.568636,4286.0
2024-09-30,Great Britain,Hornsea-1,Wind,petroineos,2026-06-04 08:24:55.513189,841.8616647
2024-09-30,Great Britain,Hornsea-2,Wind,petroineos,2026-06-04 08:24:55.513189,494.7299757
2024-09-30,Great Britain,Pembroke-1,Gas,petroineos,2026-06-04 08:24:55.531654,7569.0
2024-09-30,Great Britain,Pembroke-2,Gas,petroineos,2026-06-04 08:24:55.531654,7828.0
2024-10-01,France,Blenod-5,Gas,petroineos,2026-06-04 08:24:55.568636,6276.0
2024-10-01,Great Britain,Hornsea-1,Wind,petroineos,2026-06-04 08:24:55.513189,181.3019896
2024-10-01,Great Britain,Hornsea-2,Wind,petroineos,2026-06-04 08:24:55.513189,898.2127608
2024-10-01,Great Britain,Pembroke-1,Gas,petroineos,2026-06-04 08:24:55.531654,6849.0
2024-10-01,Great Britain,Pembroke-2,Gas,petroineos,2026-06-04 08:24:55.531654,7016.0
2024-10-02,France,Blenod-5,Gas,petroineos,2026-06-04 08:24:55.568636,4121.0
2024-10-02,Great Britain,Hornsea-1,Wind,petroineos,2026-06-04 08:24:55.513189,725.3958868
2024-10-02,Great Britain,Hornsea-2,Wind,petroineos,2026-06-04 08:24:55.513189,115.195275
2024-10-02,Great Britain,Pembroke-1,Gas,petroineos,2026-06-04 08:24:55.531654,7552.0
2024-10-02,Great Britain,Pembroke-2,Gas,petroineos,2026-06-04 08:24:55.531654,5324.0
2024-10-03,France,Blenod-5,Gas,petroineos,2026-06-04 08:24:55.568636,4397.0
2024-10-03,Great Britain,Hornsea-1,Wind,petroineos,2026-06-04 08:24:55.513189,343.8374038
2024-10-03,Great Britain,Hornsea-2,Wind,petroineos,2026-06-04 08:24:55.513189,580.7282597
2024-10-03,Great Britain,Pembroke-1,Gas,petroineos,2026-06-04 08:24:55.531654,7351.0
2024-10-03,Great Britain,Pembroke-2,Gas,petroineos,2026-06-04 08:24:55.531654,7200.0
2024-10-04,France,Blenod-5,Gas,petroineos,2026-06-04 08:24:55.568636,6487.0
2024-10-04,Great Britain,Hornsea-1,Wind,petroineos,2026-06-04 08:24:55.513189,728.5991772
2024-10-04,Great Britain,Hornsea-2,Wind,petroineos,2026-06-04 08:24:55.513189,303.1710631
2024-10-04,Great Britain,Pembroke-1,Gas,petroineos,2026-06-04 08:24:55.531654,7250.0
2024-10-04,Great Britain,Pembroke-2,Gas,petroineos,2026-06-04 08:24:55.531654,5695.0
2024-10-05,France,Blenod-5,Gas,petroineos,2026-06-04 08:24:55.568636,4725.0
2024-10-05,Great Britain,Hornsea-1,Wind,petroineos,2026-06-04 08:24:55.513189,275.9140645
2024-10-05,Great Britain,Hornsea-2,Wind,petroineos,2026-06-04 08:24:55.513189,799.1169349
2024-10-05,Great Britain,Pembroke-1,Gas,petroineos,2026-06-04 08:24:55.531654,7385.0
2024-10-05,Great Britain,Pembroke-2,Gas,petroineos,2026-06-04 08:24:55.531654,6325.0
2024-10-06,France,Blenod-5,Gas,petroineos,2026-06-04 08:24:55.568636,4181.0
2024-10-06,Great Britain,Hornsea-1,Wind,petroineos,2026-06-04 08:24:55.513189,750.8187548
2024-10-06,Great Britain,Hornsea-2,Wind,petroineos,2026-06-04 08:24:55.513189,106.4071744
2024-10-06,Great Britain,Pembroke-1,Gas,petroineos,2026-06-04 08:24:55.531654,6745.0
2024-10-06,Great Britain,Pembroke-2,Gas,petroineos,2026-06-04 08:24:55.531654,5102.0
2024-10-07,France,Blenod-5,Gas,petroineos,2026-06-04 08:24:55.568636,4645.0
2024-10-07,Great Britain,Hornsea-1,Wind,petroineos,2026-06-04 08:24:55.513189,120.57687
2024-10-07,Great Britain,Hornsea-2,Wind,petroineos,2026-06-04 08:24:55.513189,95.7833078
2024-10-07,Great Britain,Pembroke-1,Gas,petroineos,2026-06-04 08:24:55.531654,7786.0
2024-10-07,Great Britain,Pembroke-2,Gas,petroineos,2026-06-04 08:24:55.531654,5521.0
2024-10-08,France,Blenod-5,Gas,petroineos,2026-06-04 08:24:55.568636,4367.0
2024-10-08,Great Britain,Hornsea-1,Wind,petroineos,2026-06-04 08:24:55.513189,807.3302988
2024-10-08,Great Britain,Hornsea-2,Wind,petroineos,2026-06-04 08:24:55.513189,475.6129961
2024-10-08,Great Britain,Pembroke-1,Gas,petroineos,2026-06-04 08:24:55.531654,7444.0
2024-10-08,Great Britain,Pembroke-2,Gas,petroineos,2026-06-04 08:24:55.531654,7830.0
2024-10-09,France,Blenod-5,Gas,petroineos,2026-06-04 08:24:55.568636,6777.0
2024-10-09,Great Britain,Hornsea-1,Wind,petroineos,2026-06-04 08:24:55.513189,990.9856469
2024-10-09,Great Britain,Hornsea-2,Wind,petroineos,2026-06-04 08:24:55.513189,52.13720844
2024-10-09,Great Britain,Pembroke-1,Gas,petroineos,2026-06-04 08:24:55.531654,6534.0
2024-10-09,Great Britain,Pembroke-2,Gas,petroineos,2026-06-04 08:24:55.531654,5308.0
2024-10-10,France,Blenod-5,Gas,petroineos,2026-06-04 08:24:55.568636,5555.0
2024-10-10,Great Britain,Hornsea-1,Wind,petroineos,2026-06-04 08:24:55.513189,818.9368261
2024-10-10,Great Britain,Hornsea-2,Wind,petroineos,2026-06-04 08:24:55.513189,385.4338878
2024-10-10,Great Britain,Pembroke-1,Gas,petroineos,2026-06-04 08:24:55.531654,8531.0
2024-10-10,Great Britain,Pembroke-2,Gas,petroineos,2026-06-04 08:24:55.531654,7967.0
2024-10-11,France,Blenod-5,Gas,petroineos,2026-06-04 08:24:55.568636,6466.0
2024-10-11,Great Britain,Hornsea-1,Wind,petroineos,2026-06-04 08:24:55.513189,859.8599374
2024-10-11,Great Britain,Hornsea-2,Wind,petroineos,2026-06-04 08:24:55.513189,79.85695723
2024-10-11,Great Britain,Pembroke-1,Gas,petroineos,2026-06-04 08:24:55.531654,8215.0
2024-10-11,Great Britain,Pembroke-2,Gas,petroineos,2026-06-04 08:24:55.531654,5252.0
2024-10-12,France,Blenod-5,Gas,petroineos,2026-06-04 08:24:55.568636,5051.0
2024-10-12,Great Britain,Hornsea-1,Wind,petroineos,2026-06-04 08:24:55.513189,266.4759876
2024-10-12,Great Britain,Hornsea-2,Wind,petroineos,2026-06-04 08:24:55.513189,929.595893
2024-10-12,Great Britain,Pembroke-1,Gas,petroineos,2026-06-04 08:24:55.531654,5162.0
2024-10-12,Great Britain,Pembroke-2,Gas,petroineos,2026-06-04 08:24:55.531654,5427.0
2024-10-13,France,Blenod-5,Gas,petroineos,2026-06-04 08:24:55.568636,5059.0
2024-10-13,Great Britain,Hornsea-1,Wind,petroineos,2026-06-04 08:24:55.513189,802.7708607
2024-10-13,Great Britain,Hornsea-2,Wind,petroineos,2026-06-04 08:24:55.513189,709.6845698
2024-10-13,Great Britain,Pembroke-1,Gas,petroineos,2026-06-04 08:24:55.531654,5796.0
2024-10-13,Great Britain,Pembroke-2,Gas,petroineos,2026-06-04 08:24:55.531654,8909.0
2024-10-14,France,Blenod-5,Gas,petroineos,2026-06-04 08:24:55.568636,3919.0
2024-10-14,Great Britain,Hornsea-1,Wind,petroineos,2026-06-04 08:24:55.513189,626.0551539
2024-10-14,Great Britain,Hornsea-2,Wind,petroineos,2026-06-04 08:24:55.513189,753.1129337
2024-10-14,Great Britain,Pembroke-1,Gas,petroineos,2026-06-04 08:24:55.531654,6943.0
2024-10-14,Great Britain,Pembroke-2,Gas,petroineos,2026-06-04 08:24:55.531654,8496.0
2024-10-15,France,Blenod-5,Gas,petroineos,2026-06-04 08:24:55.568636,6583.0
2024-10-15,Great Britain,Hornsea-1,Wind,petroineos,2026-06-04 08:24:55.513189,711.2599058
2024-10-15,Great Britain,Hornsea-2,Wind,petroineos,2026-06-04 08:24:55.513189,534.5541619
2024-10-15,Great Britain,Pembroke-1,Gas,petroineos,2026-06-04 08:24:55.531654,6346.0
2024-10-15,Great Britain,Pembroke-2,Gas,petroineos,2026-06-04 08:24:55.531654,5425.0
2024-10-16,France,Blenod-5,Gas,petroineos,2026-06-04 08:24:55.568636,6107.0
2024-10-16,Great Britain,Hornsea-1,Wind,petroineos,2026-06-04 08:24:55.513189,753.089187
2024-10-16,Great Britain,Hornsea-2,Wind,petroineos,2026-06-04 08:24:55.513189,988.3501463
2024-10-16,Great Britain,Pembroke-1,Gas,petroineos,2026-06-04 08:24:55.531654,7960.0
2024-10-16,Great Britain,Pembroke-2,Gas,petroineos,2026-06-04 08:24:55.531654,5896.0
2024-10-17,France,Blenod-5,Gas,petroineos,2026-06-04 08:24:55.568636,6973.0
2024-10-17,Great Britain,Hornsea-1,Wind,petroineos,2026-06-04 08:24:55.513189,432.3110044
2024-10-17,Great Britain,Hornsea-2,Wind,petroineos,2026-06-04 08:24:55.513189,629.0868184
2024-10-17,Great Britain,Pembroke-1,Gas,petroineos,2026-06-04 08:24:55.531654,6739.0
2024-10-17,Great Britain,Pembroke-2,Gas,petroineos,2026-06-04 08:24:55.531654,5248.0
2024-10-18,France,Blenod-5,Gas,petroineos,2026-06-04 08:24:55.568636,5725.0
2024-10-18,Great Britain,Hornsea-1,Wind,petroineos,2026-06-04 08:24:55.513189,264.4233891
2024-10-18,Great Britain,Hornsea-2,Wind,petroineos,2026-06-04 08:24:55.513189,691.8259258
2024-10-18,Great Britain,Pembroke-1,Gas,petroineos,2026-06-04 08:24:55.531654,7973.0
2024-10-18,Great Britain,Pembroke-2,Gas,petroineos,2026-06-04 08:24:55.531654,7859.0
2024-10-19,France,Blenod-5,Gas,petroineos,2026-06-04 08:24:55.568636,5786.0
2024-10-19,Great Britain,Hornsea-1,Wind,petroineos,2026-06-04 08:24:55.513189,495.6624332
2024-10-19,Great Britain,Hornsea-2,Wind,petroineos,2026-06-04 08:24:55.513189,43.36749217
2024-10-19,Great Britain,Pembroke-1,Gas,petroineos,2026-06-04 08:24:55.531654,8369.0
2024-10-19,Great Britain,Pembroke-2,Gas,petroineos,2026-06-04 08:24:55.531654,8594.0
2024-10-20,France,Blenod-5,Gas,petroineos,2026-06-04 08:24:55.568636,5742.0
2024-10-20,Great Britain,Hornsea-1,Wind,petroineos,2026-06-04 08:24:55.513189,308.0809524
2024-10-20,Great Britain,Hornsea-2,Wind,petroineos,2026-06-04 08:24:55.513189,96.02383828
2024-10-20,Great Britain,Pembroke-1,Gas,petroineos,2026-06-04 08:24:55.531654,6094.0
2024-10-20,Great Britain,Pembroke-2,Gas,petroineos,2026-06-04 08:24:55.531654,5101.0
2024-10-21,France,Blenod-5,Gas,petroineos,2026-06-04 08:24:55.568636,0.0
2024-10-21,Great Britain,Hornsea-1,Wind,petroineos,2026-06-04 08:24:55.513189,95.17869089
2024-10-21,Great Britain,Hornsea-2,Wind,petroineos,2026-06-04 08:24:55.513189,817.563523
2024-10-21,Great Britain,Pembroke-1,Gas,petroineos,2026-06-04 08:24:55.531654,8200.0
2024-10-21,Great Britain,Pembroke-2,Gas,petroineos,2026-06-04 08:24:55.531654,7183.0
2024-10-22,France,Blenod-5,Gas,petroineos,2026-06-04 08:24:55.568636,0.0
2024-10-22,Great Britain,Hornsea-1,Wind,petroineos,2026-06-04 08:24:55.513189,651.2465617
2024-10-22,Great Britain,Hornsea-2,Wind,petroineos,2026-06-04 08:24:55.513189,834.5098016
2024-10-22,Great Britain,Pembroke-1,Gas,petroineos,2026-06-04 08:24:55.531654,7690.0
2024-10-22,Great Britain,Pembroke-2,Gas,petroineos,2026-06-04 08:24:55.531654,5342.0
2024-10-23,France,Blenod-5,Gas,petroineos,2026-06-04 08:24:55.568636,0.0
2024-10-23,Great Britain,Hornsea-1,Wind,petroineos,2026-06-04 08:24:55.513189,693.0899327
2024-10-23,Great Britain,Hornsea-2,Wind,petroineos,2026-06-04 08:24:55.513189,340.8086542
2024-10-23,Great Britain,Pembroke-1,Gas,petroineos,2026-06-04 08:24:55.531654,7051.0
2024-10-23,Great Britain,Pembroke-2,Gas,petroineos,2026-06-04 08:24:55.531654,7113.0
2024-10-24,France,Blenod-5,Gas,petroineos,2026-06-04 08:24:55.568636,0.0
2024-10-24,Great Britain,Hornsea-1,Wind,petroineos,2026-06-04 08:24:55.513189,774.3519413
2024-10-24,Great Britain,Hornsea-2,Wind,petroineos,2026-06-04 08:24:55.513189,429.2767115
2024-10-24,Great Britain,Pembroke-1,Gas,petroineos,2026-06-04 08:24:55.531654,5582.0
2024-10-24,Great Britain,Pembroke-2,Gas,petroineos,2026-06-04 08:24:55.531654,7565.0
2024-10-25,France,Blenod-5,Gas,petroineos,2026-06-04 08:24:55.568636,0.0
2024-10-25,Great Britain,Hornsea-1,Wind,petroineos,2026-06-04 08:24:55.513189,564.2432187
2024-10-25,Great Britain,Hornsea-2,Wind,petroineos,2026-06-04 08:24:55.513189,657.2112334
2024-10-25,Great Britain,Pembroke-1,Gas,petroineos,2026-06-04 08:24:55.531654,6665.0
2024-10-25,Great Britain,Pembroke-2,Gas,petroineos,2026-06-04 08:24:55.531654,8524.0
2024-10-26,France,Blenod-5,Gas,petroineos,2026-06-04 08:24:55.568636,0.0
2024-10-26,Great Britain,Hornsea-1,Wind,petroineos,2026-06-04 08:24:55.513189,424.8483491
2024-10-26,Great Britain,Hornsea-2,Wind,petroineos,2026-06-04 08:24:55.513189,669.001579
2024-10-26,Great Britain,Pembroke-1,Gas,petroineos,2026-06-04 08:24:55.531654,5734.0
2024-10-26,Great Britain,Pembroke-2,Gas,petroineos,2026-06-04 08:24:55.531654,5740.0
2024-10-27,France,Blenod-5,Gas,petroineos,2026-06-04 08:24:55.568636,6065.0
2024-10-27,Great Britain,Hornsea-1,Wind,petroineos,2026-06-04 08:24:55.513189,215.5163171
2024-10-27,Great Britain,Hornsea-2,Wind,petroineos,2026-06-04 08:24:55.513189,845.7787182
2024-10-27,Great Britain,Pembroke-1,Gas,petroineos,2026-06-04 08:24:55.531654,5388.0
2024-10-27,Great Britain,Pembroke-2,Gas,petroineos,2026-06-04 08:24:55.531654,5803.0
2024-10-28,France,Blenod-5,Gas,petroineos,2026-06-04 08:24:55.568636,5745.0
2024-10-28,Great Britain,Hornsea-1,Wind,petroineos,2026-06-04 08:24:55.513189,821.9968895
2024-10-28,Great Britain,Hornsea-2,Wind,petroineos,2026-06-04 08:24:55.513189,945.0783189
2024-10-28,Great Britain,Pembroke-1,Gas,petroineos,2026-06-04 08:24:55.531654,8185.0
2024-10-28,Great Britain,Pembroke-2,Gas,petroineos,2026-06-04 08:24:55.531654,8092.0
2024-10-29,France,Blenod-5,Gas,petroineos,2026-06-04 08:24:55.568636,3061.0
2024-10-29,Great Britain,Hornsea-1,Wind,petroineos,2026-06-04 08:24:55.513189,75.91716798
2024-10-29,Great Britain,Hornsea-2,Wind,petroineos,2026-06-04 08:24:55.513189,730.6521174
2024-10-29,Great Britain,Pembroke-1,Gas,petroineos,2026-06-04 08:24:55.531654,8038.0
2024-10-29,Great Britain,Pembroke-2,Gas,petroineos,2026-06-04 08:24:55.531654,7813.0
2024-10-30,France,Blenod-5,Gas,petroineos,2026-06-04 08:24:55.568636,4387.0
2024-10-30,Great Britain,Hornsea-1,Wind,petroineos,2026-06-04 08:24:55.513189,169.987243
2024-10-30,Great Britain,Hornsea-2,Wind,petroineos,2026-06-04 08:24:55.513189,408.4540926
2024-10-30,Great Britain,Pembroke-1,Gas,petroineos,2026-06-04 08:24:55.531654,8786.0
2024-10-30,Great Britain,Pembroke-2,Gas,petroineos,2026-06-04 08:24:55.531654,6843.0
2024-10-31,France,Blenod-5,Gas,petroineos,2026-06-04 08:24:55.568636,5929.0
2024-10-31,Great Britain,Hornsea-1,Wind,petroineos,2026-06-04 08:24:55.513189,515.9646191
2024-10-31,Great Britain,Hornsea-2,Wind,petroineos,2026-06-04 08:24:55.513189,195.2903529
2024-10-31,Great Britain,Pembroke-1,Gas,petroineos,2026-06-04 08:24:55.531654,8923.0
2024-10-31,Great Britain,Pembroke-2,Gas,petroineos,2026-06-04 08:24:55.531654,8543.0
2024-11-01,France,Blenod-5,Gas,petroineos,2026-06-04 08:24:55.568636,6942.0
2024-11-01,Great Britain,Hornsea-1,Wind,petroineos,2026-06-04 08:24:55.513189,910.147904
2024-11-01,Great Britain,Hornsea-2,Wind,petroineos,2026-06-04 08:24:55.513189,755.7316496
2024-11-01,Great Britain,Pembroke-1,Gas,petroineos,2026-06-04 08:24:55.531654,8081.0
2024-11-01,Great Britain,Pembroke-2,Gas,petroineos,2026-06-04 08:24:55.531654,6488.0
2024-11-02,France,Blenod-5,Gas,petroineos,2026-06-04 08:24:55.568636,5356.0
2024-11-02,Great Britain,Hornsea-1,Wind,petroineos,2026-06-04 08:24:55.513189,879.7361942
2024-11-02,Great Britain,Hornsea-2,Wind,petroineos,2026-06-04 08:24:55.513189,562.0591089
2024-11-02,Great Britain,Pembroke-1,Gas,petroineos,2026-06-04 08:24:55.531654,8130.0
2024-11-02,Great Britain,Pembroke-2,Gas,petroineos,2026-06-04 08:24:55.531654,5205.0
2024-11-03,France,Blenod-5,Gas,petroineos,2026-06-04 08:24:55.568636,3108.0
2024-11-03,Great Britain,Hornsea-1,Wind,petroineos,2026-06-04 08:24:55.513189,590.1002412
2024-11-03,Great Britain,Hornsea-2,Wind,petroineos,2026-06-04 08:24:55.513189,822.8356126
2024-11-03,Great Britain,Pembroke-1,Gas,petroineos,2026-06-04 08:24:55.531654,7129.0
2024-11-03,Great Britain,Pembroke-2,Gas,petroineos,2026-06-04 08:24:55.531654,6474.0
2024-11-04,France,Blenod-5,Gas,petroineos,2026-06-04 08:24:55.568636,6518.0
2024-11-04,Great Britain,Hornsea-1,Wind,petroineos,2026-06-04 08:24:55.513189,646.5786194
2024-11-04,Great Britain,Hornsea-2,Wind,petroineos,2026-06-04 08:24:55.513189,463.5114214
2024-11-04,Great Britain,Pembroke-1,Gas,petroineos,2026-06-04 08:24:55.531654,6571.0
2024-11-04,Great Britain,Pembroke-2,Gas,petroineos,2026-06-04 08:24:55.531654,6167.0
2024-11-05,France,Blenod-5,Gas,petroineos,2026-06-04 08:24:55.568636,5648.0
2024-11-05,Great Britain,Hornsea-1,Wind,petroineos,2026-06-04 08:24:55.513189,168.7763114
2024-11-05,Great Britain,Hornsea-2,Wind,petroineos,2026-06-04 08:24:55.513189,47.21472249
2024-11-05,Great Britain,Pembroke-1,Gas,petroineos,2026-06-04 08:24:55.531654,5218.0
2024-11-05,Great Britain,Pembroke-2,Gas,petroineos,2026-06-04 08:24:55.531654,6638.0
2024-11-06,France,Blenod-5,Gas,petroineos,2026-06-04 08:24:55.568636,3198.0
2024-11-06,Great Britain,Hornsea-1,Wind,petroineos,2026-06-04 08:24:55.513189,759.522864
2024-11-06,Great Britain,Hornsea-2,Wind,petroineos,2026-06-04 08:24:55.513189,149.9277465
2024-11-06,Great Britain,Pembroke-1,Gas,petroineos,2026-06-04 08:24:55.531654,5188.0
2024-11-06,Great Britain,Pembroke-2,Gas,petroineos,2026-06-04 08:24:55.531654,6121.0
2024-11-07,France,Blenod-5,Gas,petroineos,2026-06-04 08:24:55.568636,3469.0
2024-11-07,Great Britain,Hornsea-1,Wind,petroineos,2026-06-04 08:24:55.513189,215.9344942
2024-11-07,Great Britain,Hornsea-2,Wind,petroineos,2026-06-04 08:24:55.513189,776.7635459
2024-11-07,Great Britain,Pembroke-1,Gas,petroineos,2026-06-04 08:24:55.531654,7651.0
2024-11-07,Great Britain,Pembroke-2,Gas,petroineos,2026-06-04 08:24:55.531654,5552.0
2024-11-08,France,Blenod-5,Gas,petroineos,2026-06-04 08:24:55.568636,3115.0
2024-11-08,Great Britain,Hornsea-1,Wind,petroineos,2026-06-04 08:24:55.513189,342.7450923
2024-11-08,Great Britain,Hornsea-2,Wind,petroineos,2026-06-04 08:24:55.513189,156.6165245
2024-11-08,Great Britain,Pembroke-1,Gas,petroineos,2026-06-04 08:24:55.531654,7049.0
2024-11-08,Great Britain,Pembroke-2,Gas,petroineos,2026-06-04 08:24:55.531654,8057.0
2024-11-09,France,Blenod-5,Gas,petroineos,2026-06-04 08:24:55.568636,5008.0
2024-11-09,Great Britain,Hornsea-1,Wind,petroineos,2026-06-04 08:24:55.513189,149.454041
2024-11-09,Great Britain,Hornsea-2,Wind,petroineos,2026-06-04 08:24:55.513189,432.7986337
2024-11-09,Great Britain,Pembroke-1,Gas,petroineos,2026-06-04 08:24:55.531654,6582.0
2024-11-09,Great Britain,Pembroke-2,Gas,petroineos,2026-06-04 08:24:55.531654,6760.0
2024-11-10,France,Blenod-5,Gas,petroineos,2026-06-04 08:24:55.568636,6502.0
2024-11-10,Great Britain,Hornsea-1,Wind,petroineos,2026-06-04 08:24:55.513189,660.7239791
2024-11-10,Great Britain,Hornsea-2,Wind,petroineos,2026-06-04 08:24:55.513189,501.6529548
2024-11-10,Great Britain,Pembroke-1,Gas,petroineos,2026-06-04 08:24:55.531654,6177.0
2024-11-10,Great Britain,Pembroke-2,Gas,petroineos,2026-06-04 08:24:55.531654,8622.0
2024-11-11,France,Blenod-5,Gas,petroineos,2026-06-04 08:24:55.568636,3251.0
2024-11-11,Great Britain,Hornsea-1,Wind,petroineos,2026-06-04 08:24:55.513189,23.54748283
2024-11-11,Great Britain,Hornsea-2,Wind,petroineos,2026-06-04 08:24:55.513189,943.8835981
2024-11-11,Great Britain,Pembroke-1,Gas,petroineos,2026-06-04 08:24:55.531654,8258.0
2024-11-11,Great Britain,Pembroke-2,Gas,petroineos,2026-06-04 08:24:55.531654,8934.0
2024-11-12,France,Blenod-5,Gas,petroineos,2026-06-04 08:24:55.568636,6684.0
2024-11-12,Great Britain,Hornsea-1,Wind,petroineos,2026-06-04 08:24:55.513189,577.9046945
2024-11-12,Great Britain,Hornsea-2,Wind,petroineos,2026-06-04 08:24:55.513189,878.231928
2024-11-12,Great Britain,Pembroke-1,Gas,petroineos,2026-06-04 08:24:55.531654,8007.0
2024-11-12,Great Britain,Pembroke-2,Gas,petroineos,2026-06-04 08:24:55.531654,7066.0
2024-11-13,France,Blenod-5,Gas,petroineos,2026-06-04 08:24:55.568636,5930.0
2024-11-13,Great Britain,Hornsea-1,Wind,petroineos,2026-06-04 08:24:55.513189,396.7048622
2024-11-13,Great Britain,Hornsea-2,Wind,petroineos,2026-06-04 08:24:55.513189,910.0661452
2024-11-13,Great Britain,Pembroke-1,Gas,petroineos,2026-06-04 08:24:55.531654,8368.0
2024-11-13,Great Britain,Pembroke-2,Gas,petroineos,2026-06-04 08:24:55.531654,6118.0
2024-11-14,France,Blenod-5,Gas,petroineos,2026-06-04 08:24:55.568636,4123.0
2024-11-14,Great Britain,Hornsea-1,Wind,petroineos,2026-06-04 08:24:55.513189,679.0801381
2024-11-14,Great Britain,Hornsea-2,Wind,petroineos,2026-06-04 08:24:55.513189,361.2223963
2024-11-14,Great Britain,Pembroke-1,Gas,petroineos,2026-06-04 08:24:55.531654,6756.0
2024-11-14,Great Britain,Pembroke-2,Gas,petroineos,2026-06-04 08:24:55.531654,7338.0
2024-11-15,France,Blenod-5,Gas,petroineos,2026-06-04 08:24:55.568636,4914.0
2024-11-15,Great Britain,Hornsea-1,Wind,petroineos,2026-06-04 08:24:55.513189,10.15330495
2024-11-15,Great Britain,Hornsea-2,Wind,petroineos,2026-06-04 08:24:55.513189,776.1752261
2024-11-15,Great Britain,Pembroke-1,Gas,petroineos,2026-06-04 08:24:55.531654,6358.0
2024-11-15,Great Britain,Pembroke-2,Gas,petroineos,2026-06-04 08:24:55.531654,7809.0
2024-11-16,France,Blenod-5,Gas,petroineos,2026-06-04 08:24:55.568636,5939.0
2024-11-16,Great Britain,Hornsea-1,Wind,petroineos,2026-06-04 08:24:55.513189,835.7333018
2024-11-16,Great Britain,Hornsea-2,Wind,petroineos,2026-06-04 08:24:55.513189,245.5490552
2024-11-16,Great Britain,Pembroke-1,Gas,petroineos,2026-06-04 08:24:55.531654,6160.0
2024-11-16,Great Britain,Pembroke-2,Gas,petroineos,2026-06-04 08:24:55.531654,7956.0
2024-11-17,France,Blenod-5,Gas,petroineos,2026-06-04 08:24:55.568636,6077.0
2024-11-17,Great Britain,Hornsea-1,Wind,petroineos,2026-06-04 08:24:55.513189,857.3764329
2024-11-17,Great Britain,Hornsea-2,Wind,petroineos,2026-06-04 08:24:55.513189,376.1991845
2024-11-17,Great Britain,Pembroke-1,Gas,petroineos,2026-06-04 08:24:55.531654,6708.0
2024-11-17,Great Britain,Pembroke-2,Gas,petroineos,2026-06-04 08:24:55.531654,8840.0
2024-11-18,France,Blenod-5,Gas,petroineos,2026-06-04 08:24:55.568636,5778.0
2024-11-18,Great Britain,Hornsea-1,Wind,petroineos,2026-06-04 08:24:55.513189,58.43232125
2024-11-18,Great Britain,Hornsea-2,Wind,petroineos,2026-06-04 08:24:55.513189,288.0788936
2024-11-18,Great Britain,Pembroke-1,Gas,petroineos,2026-06-04 08:24:55.531654,5357.0
2024-11-18,Great Britain,Pembroke-2,Gas,petroineos,2026-06-04 08:24:55.531654,7142.0
2024-11-19,France,Blenod-5,Gas,petroineos,2026-06-04 08:24:55.568636,4014.0
2024-11-19,Great Britain,Hornsea-1,Wind,petroineos,2026-06-04 08:24:55.513189,471.0159554
2024-11-19,Great Britain,Hornsea-2,Wind,petroineos,2026-06-04 08:24:55.513189,130.7781724
2024-11-19,Great Britain,Pembroke-1,Gas,petroineos,2026-06-04 08:24:55.531654,5682.0
2024-11-19,Great Britain,Pembroke-2,Gas,petroineos,2026-06-04 08:24:55.531654,8652.0
2024-11-20,France,Blenod-5,Gas,petroineos,2026-06-04 08:24:55.568636,3191.0
2024-11-20,Great Britain,Hornsea-1,Wind,petroineos,2026-06-04 08:24:55.513189,702.4520922
2024-11-20,Great Britain,Hornsea-2,Wind,petroineos,2026-06-04 08:24:55.513189,979.5794982
2024-11-20,Great Britain,Pembroke-1,Gas,petroineos,2026-06-04 08:24:55.531654,8975.0
2024-11-20,Great Britain,Pembroke-2,Gas,petroineos,2026-06-04 08:24:55.531654,5759.0
2024-11-21,France,Blenod-5,Gas,petroineos,2026-06-04 08:24:55.568636,3256.0
2024-11-21,Great Britain,Hornsea-1,Wind,petroineos,2026-06-04 08:24:55.513189,613.3515684
2024-11-21,Great Britain,Hornsea-2,Wind,petroineos,2026-06-04 08:24:55.513189,287.6018546
2024-11-21,Great Britain,Pembroke-1,Gas,petroineos,2026-06-04 08:24:55.531654,6154.0
2024-11-21,Great Britain,Pembroke-2,Gas,petroineos,2026-06-04 08:24:55.531654,7845.0
2024-11-22,France,Blenod-5,Gas,petroineos,2026-06-04 08:24:55.568636,6828.0
2024-11-22,Great Britain,Hornsea-1,Wind,petroineos,2026-06-04 08:24:55.513189,134.2579253
2024-11-22,Great Britain,Hornsea-2,Wind,petroineos,2026-06-04 08:24:55.513189,665.6830454
2024-11-22,Great Britain,Pembroke-1,Gas,petroineos,2026-06-04 08:24:55.531654,7773.0
2024-11-22,Great Britain,Pembroke-2,Gas,petroineos,2026-06-04 08:24:55.531654,5532.0
2024-11-23,France,Blenod-5,Gas,petroineos,2026-06-04 08:24:55.568636,5386.0
2024-11-23,Great Britain,Hornsea-1,Wind,petroineos,2026-06-04 08:24:55.513189,845.6161963
2024-11-23,Great Britain,Hornsea-2,Wind,petroineos,2026-06-04 08:24:55.513189,554.1183815
2024-11-23,Great Britain,Pembroke-1,Gas,petroineos,2026-06-04 08:24:55.531654,7395.0
2024-11-23,Great Britain,Pembroke-2,Gas,petroineos,2026-06-04 08:24:55.531654,7959.0
2024-11-24,France,Blenod-5,Gas,petroineos,2026-06-04 08:24:55.568636,4724.0
2024-11-24,Great Britain,Hornsea-1,Wind,petroineos,2026-06-04 08:24:55.513189,958.6173727
2024-11-24,Great Britain,Hornsea-2,Wind,petroineos,2026-06-04 08:24:55.513189,132.4615575
2024-11-24,Great Britain,Pembroke-1,Gas,petroineos,2026-06-04 08:24:55.531654,7722.0
2024-11-24,Great Britain,Pembroke-2,Gas,petroineos,2026-06-04 08:24:55.531654,8748.0
2024-11-25,France,Blenod-5,Gas,petroineos,2026-06-04 08:24:55.568636,3817.0
2024-11-25,Great Britain,Hornsea-1,Wind,petroineos,2026-06-04 08:24:55.513189,715.8186461
2024-11-25,Great Britain,Hornsea-2,Wind,petroineos,2026-06-04 08:24:55.513189,653.0502322
2024-11-25,Great Britain,Pembroke-1,Gas,petroineos,2026-06-04 08:24:55.531654,6020.0
2024-11-25,Great Britain,Pembroke-2,Gas,petroineos,2026-06-04 08:24:55.531654,6836.0
2024-11-26,France,Blenod-5,Gas,petroineos,2026-06-04 08:24:55.568636,3377.0
2024-11-26,Great Britain,Hornsea-1,Wind,petroineos,2026-06-04 08:24:55.513189,356.9848293
2024-11-26,Great Britain,Hornsea-2,Wind,petroineos,2026-06-04 08:24:55.513189,393.9217564
2024-11-26,Great Britain,Pembroke-1,Gas,petroineos,2026-06-04 08:24:55.531654,5695.0
2024-11-26,Great Britain,Pembroke-2,Gas,petroineos,2026-06-04 08:24:55.531654,6369.0
2024-11-27,France,Blenod-5,Gas,petroineos,2026-06-04 08:24:55.568636,6361.0
2024-11-27,Great Britain,Hornsea-1,Wind,petroineos,2026-06-04 08:24:55.513189,940.1572202
2024-11-27,Great Britain,Hornsea-2,Wind,petroineos,2026-06-04 08:24:55.513189,424.6878191
2024-11-27,Great Britain,Pembroke-1,Gas,petroineos,2026-06-04 08:24:55.531654,8828.0
2024-11-27,Great Britain,Pembroke-2,Gas,petroineos,2026-06-04 08:24:55.531654,6184.0
2024-11-28,France,Blenod-5,Gas,petroineos,2026-06-04 08:24:55.568636,3201.0
2024-11-28,Great Britain,Hornsea-1,Wind,petroineos,2026-06-04 08:24:55.513189,655.4345608
2024-11-28,Great Britain,Hornsea-2,Wind,petroineos,2026-06-04 08:24:55.513189,537.9074014
2024-11-28,Great Britain,Pembroke-1,Gas,petroineos,2026-06-04 08:24:55.531654,6829.0
2024-11-28,Great Britain,Pembroke-2,Gas,petroineos,2026-06-04 08:24:55.531654,6303.0
2024-11-29,France,Blenod-5,Gas,petroineos,2026-06-04 08:24:55.568636,5529.0
2024-11-29,Great Britain,Hornsea-1,Wind,petroineos,2026-06-04 08:24:55.513189,216.3085855
2024-11-29,Great Britain,Hornsea-2,Wind,petroineos,2026-06-04 08:24:55.513189,385.7635211
2024-11-29,Great Britain,Pembroke-1,Gas,petroineos,2026-06-04 08:24:55.531654,5053.0
2024-11-29,Great Britain,Pembroke-2,Gas,petroineos,2026-06-04 08:24:55.531654,6505.0
2024-11-30,France,Blenod-5,Gas,petroineos,2026-06-04 08:24:55.568636,6138.0
2024-11-30,Great Britain,Hornsea-1,Wind,petroineos,2026-06-04 08:24:55.513189,128.6429412
2024-11-30,Great Britain,Hornsea-2,Wind,petroineos,2026-06-04 08:24:55.513189,330.6078513
2024-11-30,Great Britain,Pembroke-1,Gas,petroineos,2026-06-04 08:24:55.531654,5275.0
2024-11-30,Great Britain,Pembroke-2,Gas,petroineos,2026-06-04 08:24:55.531654,5128.0
2024-12-01,France,Blenod-5,Gas,petroineos,2026-06-04 08:24:55.568636,6985.0
2024-12-01,Great Britain,Hornsea-1,Wind,petroineos,2026-06-04 08:24:55.513189,200.2554154
2024-12-01,Great Britain,Hornsea-2,Wind,petroineos,2026-06-04 08:24:55.513189,43.52844167
2024-12-01,Great Britain,Pembroke-1,Gas,petroineos,2026-06-04 08:24:55.531654,8642.0
2024-12-01,Great Britain,Pembroke-2,Gas,petroineos,2026-06-04 08:24:55.531654,6293.0
2024-12-02,France,Blenod-5,Gas,petroineos,2026-06-04 08:24:55.568636,5134.0
2024-12-02,Great Britain,Hornsea-1,Wind,petroineos,2026-06-04 08:24:55.513189,542.5803709
2024-12-02,Great Britain,Hornsea-2,Wind,petroineos,2026-06-04 08:24:55.513189,565.4859843
2024-12-02,Great Britain,Pembroke-1,Gas,petroineos,2026-06-04 08:24:55.531654,5057.0
2024-12-02,Great Britain,Pembroke-2,Gas,petroineos,2026-06-04 08:24:55.531654,6205.0
2024-12-03,France,Blenod-5,Gas,petroineos,2026-06-04 08:24:55.568636,4846.0
2024-12-03,Great Britain,Hornsea-1,Wind,petroineos,2026-06-04 08:24:55.513189,502.6441211
2024-12-03,Great Britain,Hornsea-2,Wind,petroineos,2026-06-04 08:24:55.513189,246.506316
2024-12-03,Great Britain,Pembroke-1,Gas,petroineos,2026-06-04 08:24:55.531654,6453.0
2024-12-03,Great Britain,Pembroke-2,Gas,petroineos,2026-06-04 08:24:55.531654,5563.0
2024-12-04,France,Blenod-5,Gas,petroineos,2026-06-04 08:24:55.568636,4081.0
2024-12-04,Great Britain,Hornsea-1,Wind,petroineos,2026-06-04 08:24:55.513189,94.11942819
2024-12-04,Great Britain,Hornsea-2,Wind,petroineos,2026-06-04 08:24:55.513189,757.824939
2024-12-04,Great Britain,Pembroke-1,Gas,petroineos,2026-06-04 08:24:55.531654,5851.0
2024-12-04,Great Britain,Pembroke-2,Gas,petroineos,2026-06-04 08:24:55.531654,5790.0
2024-12-05,France,Blenod-5,Gas,petroineos,2026-06-04 08:24:55.568636,3861.0
2024-12-05,Great Britain,Hornsea-1,Wind,petroineos,2026-06-04 08:24:55.513189,349.3477693
2024-12-05,Great Britain,Hornsea-2,Wind,petroineos,2026-06-04 08:24:55.513189,78.36904615
2024-12-05,Great Britain,Pembroke-1,Gas,petroineos,2026-06-04 08:24:55.531654,8269.0
2024-12-05,Great Britain,Pembroke-2,Gas,petroineos,2026-06-04 08:24:55.531654,5142.0
2024-12-06,France,Blenod-5,Gas,petroineos,2026-06-04 08:24:55.568636,3792.0
2024-12-06,Great Britain,Hornsea-1,Wind,petroineos,2026-06-04 08:24:55.513189,17.54180798
2024-12-06,Great Britain,Hornsea-2,Wind,petroineos,2026-06-04 08:24:55.513189,467.3484608
2024-12-06,Great Britain,Pembroke-1,Gas,petroineos,2026-06-04 08:24:55.531654,7339.0
2024-12-06,Great Britain,Pembroke-2,Gas,petroineos,2026-06-04 08:24:55.531654,8224.0
2024-12-07,France,Blenod-5,Gas,petroineos,2026-06-04 08:24:55.568636,5016.0
2024-12-07,Great Britain,Hornsea-1,Wind,petroineos,2026-06-04 08:24:55.513189,242.6867345
2024-12-07,Great Britain,Hornsea-2,Wind,petroineos,2026-06-04 08:24:55.513189,698.1306455
2024-12-07,Great Britain,Pembroke-1,Gas,petroineos,2026-06-04 08:24:55.531654,6300.0
2024-12-07,Great Britain,Pembroke-2,Gas,petroineos,2026-06-04 08:24:55.531654,8068.0
2024-12-08,France,Blenod-5,Gas,petroineos,2026-06-04 08:24:55.568636,3659.0
2024-12-08,Great Britain,Hornsea-1,Wind,petroineos,2026-06-04 08:24:55.513189,844.4929699
2024-12-08,Great Britain,Hornsea-2,Wind,petroineos,2026-06-04 08:24:55.513189,87.14017861
2024-12-08,Great Britain,Pembroke-1,Gas,petroineos,2026-06-04 08:24:55.531654,6569.0
2024-12-08,Great Britain,Pembroke-2,Gas,petroineos,2026-06-04 08:24:55.531654,7459.0
2024-12-09,France,Blenod-5,Gas,petroineos,2026-06-04 08:24:55.568636,5249.0
2024-12-09,Great Britain,Hornsea-1,Wind,petroineos,2026-06-04 08:24:55.513189,13.76716977
2024-12-09,Great Britain,Hornsea-2,Wind,petroineos,2026-06-04 08:24:55.513189,300.3795373
2024-12-09,Great Britain,Pembroke-1,Gas,petroineos,2026-06-04 08:24:55.531654,5171.0
2024-12-09,Great Britain,Pembroke-2,Gas,petroineos,2026-06-04 08:24:55.531654,7660.0
2024-12-10,France,Blenod-5,Gas,petroineos,2026-06-04 08:24:55.568636,6813.0
2024-12-10,Great Britain,Hornsea-1,Wind,petroineos,2026-06-04 08:24:55.513189,601.9155411
2024-12-10,Great Britain,Hornsea-2,Wind,petroineos,2026-06-04 08:24:55.513189,583.282855
2024-12-10,Great Britain,Pembroke-1,Gas,petroineos,2026-06-04 08:24:55.531654,8798.0
2024-12-10,Great Britain,Pembroke-2,Gas,petroineos,2026-06-04 08:24:55.531654,7124.0
2024-12-11,France,Blenod-5,Gas,petroineos,2026-06-04 08:24:55.568636,5046.0
2024-12-11,Great Britain,Hornsea-1,Wind,petroineos,2026-06-04 08:24:55.513189,57.21050477
2024-12-11,Great Britain,Hornsea-2,Wind,petroineos,2026-06-04 08:24:55.513189,722.0220396
2024-12-11,Great Britain,Pembroke-1,Gas,petroineos,2026-06-04 08:24:55.531654,8058.0
2024-12-11,Great Britain,Pembroke-2,Gas,petroineos,2026-06-04 08:24:55.531654,8976.0
2024-12-12,France,Blenod-5,Gas,petroineos,2026-06-04 08:24:55.568636,5805.0
2024-12-12,Great Britain,Hornsea-1,Wind,petroineos,2026-06-04 08:24:55.513189,344.8401026
2024-12-12,Great Britain,Hornsea-2,Wind,petroineos,2026-06-04 08:24:55.513189,740.3338044
2024-12-12,Great Britain,Pembroke-1,Gas,petroineos,2026-06-04 08:24:55.531654,5026.0
2024-12-12,Great Britain,Pembroke-2,Gas,petroineos,2026-06-04 08:24:55.531654,7114.0
2024-12-13,France,Blenod-5,Gas,petroineos,2026-06-04 08:24:55.568636,4020.0
2024-12-13,Great Britain,Hornsea-1,Wind,petroineos,2026-06-04 08:24:55.513189,779.8005967
2024-12-13,Great Britain,Hornsea-2,Wind,petroineos,2026-06-04 08:24:55.513189,987.3083636
2024-12-13,Great Britain,Pembroke-1,Gas,petroineos,2026-06-04 08:24:55.531654,8440.0
2024-12-13,Great Britain,Pembroke-2,Gas,petroineos,2026-06-04 08:24:55.531654,8582.0
2024-12-14,France,Blenod-5,Gas,petroineos,2026-06-04 08:24:55.568636,3527.0
2024-12-14,Great Britain,Hornsea-1,Wind,petroineos,2026-06-04 08:24:55.513189,174.8492491
2024-12-14,Great Britain,Hornsea-2,Wind,petroineos,2026-06-04 08:24:55.513189,132.8281084
2024-12-14,Great Britain,Pembroke-1,Gas,petroineos,2026-06-04 08:24:55.531654,5077.0
2024-12-14,Great Britain,Pembroke-2,Gas,petroineos,2026-06-04 08:24:55.531654,5348.0
2024-12-15,France,Blenod-5,Gas,petroineos,2026-06-04 08:24:55.568636,5902.0
2024-12-15,Great Britain,Hornsea-1,Wind,petroineos,2026-06-04 08:24:55.513189,888.1353394
2024-12-15,Great Britain,Hornsea-2,Wind,petroineos,2026-06-04 08:24:55.513189,212.2054268
2024-12-15,Great Britain,Pembroke-1,Gas,petroineos,2026-06-04 08:24:55.531654,8741.0
2024-12-15,Great Britain,Pembroke-2,Gas,petroineos,2026-06-04 08:24:55.531654,5257.0
2024-12-16,France,Blenod-5,Gas,petroineos,2026-06-04 08:24:55.568636,5125.0
2024-12-16,Great Britain,Hornsea-1,Wind,petroineos,2026-06-04 08:24:55.513189,4.362489102
2024-12-16,Great Britain,Hornsea-2,Wind,petroineos,2026-06-04 08:24:55.513189,910.0700685
2024-12-16,Great Britain,Pembroke-1,Gas,petroineos,2026-06-04 08:24:55.531654,8417.0
2024-12-16,Great Britain,Pembroke-2,Gas,petroineos,2026-06-04 08:24:55.531654,8594.0
2024-12-17,France,Blenod-5,Gas,petroineos,2026-06-04 08:24:55.568636,4628.0
2024-12-17,Great Britain,Hornsea-1,Wind,petroineos,2026-06-04 08:24:55.513189,400.3595456
2024-12-17,Great Britain,Hornsea-2,Wind,petroineos,2026-06-04 08:24:55.513189,855.5452938
2024-12-17,Great Britain,Pembroke-1,Gas,petroineos,2026-06-04 08:24:55.531654,7680.0
2024-12-17,Great Britain,Pembroke-2,Gas,petroineos,2026-06-04 08:24:55.531654,8652.0
2024-12-18,France,Blenod-5,Gas,petroineos,2026-06-04 08:24:55.568636,4737.0
2024-12-18,Great Britain,Hornsea-1,Wind,petroineos,2026-06-04 08:24:55.513189,267.742551
2024-12-18,Great Britain,Hornsea-2,Wind,petroineos,2026-06-04 08:24:55.513189,469.8416432
2024-12-18,Great Britain,Pembroke-1,Gas,petroineos,2026-06-04 08:24:55.531654,7878.0
2024-12-18,Great Britain,Pembroke-2,Gas,petroineos,2026-06-04 08:24:55.531654,6726.0
2024-12-19,France,Blenod-5,Gas,petroineos,2026-06-04 08:24:55.568636,5259.0
2024-12-19,Great Britain,Hornsea-1,Wind,petroineos,2026-06-04 08:24:55.513189,47.90748781
2024-12-19,Great Britain,Hornsea-2,Wind,petroineos,2026-06-04 08:24:55.513189,318.0956846
2024-12-19,Great Britain,Pembroke-1,Gas,petroineos,2026-06-04 08:24:55.531654,8165.0
2024-12-19,Great Britain,Pembroke-2,Gas,petroineos,2026-06-04 08:24:55.531654,5924.0
2024-12-20,France,Blenod-5,Gas,petroineos,2026-06-04 08:24:55.568636,3158.0
2024-12-20,Great Britain,Hornsea-1,Wind,petroineos,2026-06-04 08:24:55.513189,948.6317473
2024-12-20,Great Britain,Hornsea-2,Wind,petroineos,2026-06-04 08:24:55.513189,804.6344026
2024-12-20,Great Britain,Pembroke-1,Gas,petroineos,2026-06-04 08:24:55.531654,5365.0
2024-12-20,Great Britain,Pembroke-2,Gas,petroineos,2026-06-04 08:24:55.531654,8105.0
2024-12-21,France,Blenod-5,Gas,petroineos,2026-06-04 08:24:55.568636,3087.0
2024-12-21,Great Britain,Hornsea-1,Wind,petroineos,2026-06-04 08:24:55.513189,498.6929281
2024-12-21,Great Britain,Hornsea-2,Wind,petroineos,2026-06-04 08:24:55.513189,429.0092545
2024-12-21,Great Britain,Pembroke-1,Gas,petroineos,2026-06-04 08:24:55.531654,7790.0
2024-12-21,Great Britain,Pembroke-2,Gas,petroineos,2026-06-04 08:24:55.531654,5730.0
2024-12-22,France,Blenod-5,Gas,petroineos,2026-06-04 08:24:55.568636,6621.0
2024-12-22,Great Britain,Hornsea-1,Wind,petroineos,2026-06-04 08:24:55.513189,508.3359479
2024-12-22,Great Britain,Hornsea-2,Wind,petroineos,2026-06-04 08:24:55.513189,685.1033796
2024-12-22,Great Britain,Pembroke-1,Gas,petroineos,2026-06-04 08:24:55.531654,7886.0
2024-12-22,Great Britain,Pembroke-2,Gas,petroineos,2026-06-04 08:24:55.531654,8984.0
2024-12-23,France,Blenod-5,Gas,petroineos,2026-06-04 08:24:55.568636,3138.0
2024-12-23,Great Britain,Hornsea-1,Wind,petroineos,2026-06-04 08:24:55.513189,99.11583
2024-12-23,Great Britain,Hornsea-2,Wind,petroineos,2026-06-04 08:24:55.513189,813.2254339
2024-12-23,Great Britain,Pembroke-1,Gas,petroineos,2026-06-04 08:24:55.531654,8773.0
2024-12-23,Great Britain,Pembroke-2,Gas,petroineos,2026-06-04 08:24:55.531654,5341.0
2024-12-24,France,Blenod-5,Gas,petroineos,2026-06-04 08:24:55.568636,5513.0
2024-12-24,Great Britain,Hornsea-1,Wind,petroineos,2026-06-04 08:24:55.513189,50.58298114
2024-12-24,Great Britain,Hornsea-2,Wind,petroineos,2026-06-04 08:24:55.513189,334.4270204
2024-12-24,Great Britain,Pembroke-1,Gas,petroineos,2026-06-04 08:24:55.531654,7839.0
2024-12-24,Great Britain,Pembroke-2,Gas,petroineos,2026-06-04 08:24:55.531654,6429.0
2024-12-25,France,Blenod-5,Gas,petroineos,2026-06-04 08:24:55.568636,4101.0
2024-12-25,Great Britain,Hornsea-1,Wind,petroineos,2026-06-04 08:24:55.513189,446.9830754
2024-12-25,Great Britain,Hornsea-2,Wind,petroineos,2026-06-04 08:24:55.513189,362.6178497
2024-12-25,Great Britain,Pembroke-1,Gas,petroineos,2026-06-04 08:24:55.531654,7432.0
2024-12-25,Great Britain,Pembroke-2,Gas,petroineos,2026-06-04 08:24:55.531654,5676.0
2024-12-26,France,Blenod-5,Gas,petroineos,2026-06-04 08:24:55.568636,5865.0
2024-12-26,Great Britain,Hornsea-1,Wind,petroineos,2026-06-04 08:24:55.513189,767.1448287
2024-12-26,Great Britain,Hornsea-2,Wind,petroineos,2026-06-04 08:24:55.513189,225.7479632
2024-12-26,Great Britain,Pembroke-1,Gas,petroineos,2026-06-04 08:24:55.531654,7507.0
2024-12-26,Great Britain,Pembroke-2,Gas,petroineos,2026-06-04 08:24:55.531654,5631.0
2024-12-27,France,Blenod-5,Gas,petroineos,2026-06-04 08:24:55.568636,4714.0
2024-12-27,Great Britain,Hornsea-1,Wind,petroineos,2026-06-04 08:24:55.513189,167.3134401
2024-12-27,Great Britain,Hornsea-2,Wind,petroineos,2026-06-04 08:24:55.513189,626.6261935
2024-12-27,Great Britain,Pembroke-1,Gas,petroineos,2026-06-04 08:24:55.531654,7746.0
2024-12-27,Great Britain,Pembroke-2,Gas,petroineos,2026-06-04 08:24:55.531654,6773.0
2024-12-28,France,Blenod-5,Gas,petroineos,2026-06-04 08:24:55.568636,6930.0
2024-12-28,Great Britain,Hornsea-1,Wind,petroineos,2026-06-04 08:24:55.513189,796.6859672
2024-12-28,Great Britain,Hornsea-2,Wind,petroineos,2026-06-04 08:24:55.513189,120.69327
2024-12-28,Great Britain,Pembroke-1,Gas,petroineos,2026-06-04 08:24:55.531654,6327.0
2024-12-28,Great Britain,Pembroke-2,Gas,petroineos,2026-06-04 08:24:55.531654,7510.0
2024-12-29,France,Blenod-5,Gas,petroineos,2026-06-04 08:24:55.568636,6826.0
2024-12-29,Great Britain,Hornsea-1,Wind,petroineos,2026-06-04 08:24:55.513189,546.1108186
2024-12-29,Great Britain,Hornsea-2,Wind,petroineos,2026-06-04 08:24:55.513189,980.5752956
2024-12-29,Great Britain,Pembroke-1,Gas,petroineos,2026-06-04 08:24:55.531654,5164.0
2024-12-29,Great Britain,Pembroke-2,Gas,petroineos,2026-06-04 08:24:55.531654,5161.0
2024-12-30,France,Blenod-5,Gas,petroineos,2026-06-04 08:24:55.568636,5207.0
2024-12-30,Great Britain,Hornsea-1,Wind,petroineos,2026-06-04 08:24:55.513189,727.8012142
2024-12-30,Great Britain,Hornsea-2,Wind,petroineos,2026-06-04 08:24:55.513189,631.0185328
2024-12-30,Great Britain,Pembroke-1,Gas,petroineos,2026-06-04 08:24:55.531654,6439.0
2024-12-30,Great Britain,Pembroke-2,Gas,petroineos,2026-06-04 08:24:55.531654,8719.0
2024-12-31,France,Blenod-5,Gas,petroineos,2026-06-04 08:24:55.568636,5766.0
2024-12-31,Great Britain,Hornsea-1,Wind,petroineos,2026-06-04 08:24:55.513189,302.1690338
2024-12-31,Great Britain,Hornsea-2,Wind,petroineos,2026-06-04 08:24:55.513189,359.804276
2024-12-31,Great Britain,Pembroke-1,Gas,petroineos,2026-06-04 08:24:55.531654,7980.0
2024-12-31,Great Britain,Pembroke-2,Gas,petroineos,2026-06-04 08:24:55.531654,7527.0
2025-01-01,France,Blenod-5,Gas,petroineos,2026-06-04 08:24:55.568636,4844.0
2025-01-01,Great Britain,Hornsea-1,Wind,petroineos,2026-06-04 08:24:55.513189,158.7035617
2025-01-01,Great Britain,Hornsea-2,Wind,petroineos,2026-06-04 08:24:55.513189,852.1181159
2025-01-01,Great Britain,Pembroke-1,Gas,petroineos,2026-06-04 08:24:55.531654,8643.0
2025-01-01,Great Britain,Pembroke-2,Gas,petroineos,2026-06-04 08:24:55.531654,8071.0
2025-01-02,France,Blenod-5,Gas,petroineos,2026-06-04 08:24:55.568636,5063.0
2025-01-02,Great Britain,Hornsea-1,Wind,petroineos,2026-06-04 08:24:55.513189,450.0280415
2025-01-02,Great Britain,Hornsea-2,Wind,petroineos,2026-06-04 08:24:55.513189,764.2097863
2025-01-02,Great Britain,Pembroke-1,Gas,petroineos,2026-06-04 08:24:55.531654,7960.0
2025-01-02,Great Britain,Pembroke-2,Gas,petroineos,2026-06-04 08:24:55.531654,6633.0
2025-01-03,France,Blenod-5,Gas,petroineos,2026-06-04 08:24:55.568636,4145.0
2025-01-03,Great Britain,Hornsea-1,Wind,petroineos,2026-06-04 08:24:55.513189,401.1065042
2025-01-03,Great Britain,Hornsea-2,Wind,petroineos,2026-06-04 08:24:55.513189,139.942632
2025-01-03,Great Britain,Pembroke-1,Gas,petroineos,2026-06-04 08:24:55.531654,5151.0
2025-01-03,Great Britain,Pembroke-2,Gas,petroineos,2026-06-04 08:24:55.531654,7777.0
2025-01-04,France,Blenod-5,Gas,petroineos,2026-06-04 08:24:55.568636,6390.0
2025-01-04,Great Britain,Hornsea-1,Wind,petroineos,2026-06-04 08:24:55.513189,835.8988778
2025-01-04,Great Britain,Hornsea-2,Wind,petroineos,2026-06-04 08:24:55.513189,357.0030052
2025-01-04,Great Britain,Pembroke-1,Gas,petroineos,2026-06-04 08:24:55.531654,7340.0
2025-01-04,Great Britain,Pembroke-2,Gas,petroineos,2026-06-04 08:24:55.531654,5762.0
2025-01-05,France,Blenod-5,Gas,petroineos,2026-06-04 08:24:55.568636,6599.0
2025-01-05,Great Britain,Hornsea-1,Wind,petroineos,2026-06-04 08:24:55.513189,592.9701317
2025-01-05,Great Britain,Hornsea-2,Wind,petroineos,2026-06-04 08:24:55.513189,209.0898501
2025-01-05,Great Britain,Pembroke-1,Gas,petroineos,2026-06-04 08:24:55.531654,8688.0
2025-01-05,Great Britain,Pembroke-2,Gas,petroineos,2026-06-04 08:24:55.531654,8609.0
2025-01-06,France,Blenod-5,Gas,petroineos,2026-06-04 08:24:55.568636,6488.0
2025-01-06,Great Britain,Hornsea-1,Wind,petroineos,2026-06-04 08:24:55.513189,658.4689657
2025-01-06,Great Britain,Hornsea-2,Wind,petroineos,2026-06-04 08:24:55.513189,20.68262001
2025-01-06,Great Britain,Pembroke-1,Gas,petroineos,2026-06-04 08:24:55.531654,7458.0
2025-01-06,Great Britain,Pembroke-2,Gas,petroineos,2026-06-04 08:24:55.531654,8400.0
2025-01-07,France,Blenod-5,Gas,petroineos,2026-06-04 08:24:55.568636,3206.0
2025-01-07,Great Britain,Hornsea-1,Wind,petroineos,2026-06-04 08:24:55.513189,310.5063394
2025-01-07,Great Britain,Hornsea-2,Wind,petroineos,2026-06-04 08:24:55.513189,631.2228633
2025-01-07,Great Britain,Pembroke-1,Gas,petroineos,2026-06-04 08:24:55.531654,8964.0
2025-01-07,Great Britain,Pembroke-2,Gas,petroineos,2026-06-04 08:24:55.531654,7797.0
2025-01-08,France,Blenod-5,Gas,petroineos,2026-06-04 08:24:55.568636,3088.0
2025-01-08,Great Britain,Hornsea-1,Wind,petroineos,2026-06-04 08:24:55.513189,850.0423588
2025-01-08,Great Britain,Hornsea-2,Wind,petroineos,2026-06-04 08:24:55.513189,65.98452114
2025-01-08,Great Britain,Pembroke-1,Gas,petroineos,2026-06-04 08:24:55.531654,7587.0
2025-01-08,Great Britain,Pembroke-2,Gas,petroineos,2026-06-04 08:24:55.531654,6490.0
2025-01-09,France,Blenod-5,Gas,petroineos,2026-06-04 08:24:55.568636,4882.0
2025-01-09,Great Britain,Hornsea-1,Wind,petroineos,2026-06-04 08:24:55.513189,721.313705
2025-01-09,Great Britain,Hornsea-2,Wind,petroineos,2026-06-04 08:24:55.513189,844.8679174
2025-01-09,Great Britain,Pembroke-1,Gas,petroineos,2026-06-04 08:24:55.531654,6524.0
2025-01-09,Great Britain,Pembroke-2,Gas,petroineos,2026-06-04 08:24:55.531654,6258.0
2025-01-10,France,Blenod-5,Gas,petroineos,2026-06-04 08:24:55.568636,6281.0
2025-01-10,Great Britain,Hornsea-1,Wind,petroineos,2026-06-04 08:24:55.513189,703.4330106
2025-01-10,Great Britain,Hornsea-2,Wind,petroineos,2026-06-04 08:24:55.513189,667.6867869
2025-01-10,Great Britain,Pembroke-1,Gas,petroineos,2026-06-04 08:24:55.531654,6184.0
2025-01-10,Great Britain,Pembroke-2,Gas,petroineos,2026-06-04 08:24:55.531654,6299.0
2025-01-11,France,Blenod-5,Gas,petroineos,2026-06-04 08:24:55.568636,4357.0
2025-01-11,Great Britain,Hornsea-1,Wind,petroineos,2026-06-04 08:24:55.513189,503.2789266
2025-01-11,Great Britain,Hornsea-2,Wind,petroineos,2026-06-04 08:24:55.513189,872.7080854
2025-01-11,Great Britain,Pembroke-1,Gas,petroineos,2026-06-04 08:24:55.531654,7709.0
2025-01-11,Great Britain,Pembroke-2,Gas,petroineos,2026-06-04 08:24:55.531654,8018.0
2025-01-12,France,Blenod-5,Gas,petroineos,2026-06-04 08:24:55.568636,4023.0
2025-01-12,Great Britain,Hornsea-1,Wind,petroineos,2026-06-04 08:24:55.513189,585.5173323
2025-01-12,Great Britain,Hornsea-2,Wind,petroineos,2026-06-04 08:24:55.513189,429.5695168
2025-01-12,Great Britain,Pembroke-1,Gas,petroineos,2026-06-04 08:24:55.531654,6249.0
2025-01-12,Great Britain,Pembroke-2,Gas,petroineos,2026-06-04 08:24:55.531654,6381.0
2025-01-13,France,Blenod-5,Gas,petroineos,2026-06-04 08:24:55.568636,5372.0
2025-01-13,Great Britain,Hornsea-1,Wind,petroineos,2026-06-04 08:24:55.513189,443.2204042
2025-01-13,Great Britain,Hornsea-2,Wind,petroineos,2026-06-04 08:24:55.513189,122.0006731
2025-01-13,Great Britain,Pembroke-1,Gas,petroineos,2026-06-04 08:24:55.531654,6265.0
2025-01-13,Great Britain,Pembroke-2,Gas,petroineos,2026-06-04 08:24:55.531654,8154.0
2025-01-14,France,Blenod-5,Gas,petroineos,2026-06-04 08:24:55.568636,6409.0
2025-01-14,Great Britain,Hornsea-1,Wind,petroineos,2026-06-04 08:24:55.513189,401.4518749
2025-01-14,Great Britain,Hornsea-2,Wind,petroineos,2026-06-04 08:24:55.513189,356.5315681
2025-01-14,Great Britain,Pembroke-1,Gas,petroineos,2026-06-04 08:24:55.531654,7468.0
2025-01-14,Great Britain,Pembroke-2,Gas,petroineos,2026-06-04 08:24:55.531654,5246.0
2025-01-15,France,Blenod-5,Gas,petroineos,2026-06-04 08:24:55.568636,3701.0
2025-01-15,Great Britain,Hornsea-1,Wind,petroineos,2026-06-04 08:24:55.513189,209.3636535
2025-01-15,Great Britain,Hornsea-2,Wind,petroineos,2026-06-04 08:24:55.513189,830.418239
2025-01-15,Great Britain,Pembroke-1,Gas,petroineos,2026-06-04 08:24:55.531654,6368.0
2025-01-15,Great Britain,Pembroke-2,Gas,petroineos,2026-06-04 08:24:55.531654,6705.0
2025-01-16,France,Blenod-5,Gas,petroineos,2026-06-04 08:24:55.568636,5756.0
2025-01-16,Great Britain,Hornsea-1,Wind,petroineos,2026-06-04 08:24:55.513189,864.0566056
2025-01-16,Great Britain,Hornsea-2,Wind,petroineos,2026-06-04 08:24:55.513189,917.9524011
2025-01-16,Great Britain,Pembroke-1,Gas,petroineos,2026-06-04 08:24:55.531654,6221.0
2025-01-16,Great Britain,Pembroke-2,Gas,petroineos,2026-06-04 08:24:55.531654,5571.0
2025-01-17,France,Blenod-5,Gas,petroineos,2026-06-04 08:24:55.568636,6774.0
2025-01-17,Great Britain,Hornsea-1,Wind,petroineos,2026-06-04 08:24:55.513189,8.661232353
2025-01-17,Great Britain,Hornsea-2,Wind,petroineos,2026-06-04 08:24:55.513189,144.7754328
2025-01-17,Great Britain,Pembroke-1,Gas,petroineos,2026-06-04 08:24:55.531654,8737.0
2025-01-17,Great Britain,Pembroke-2,Gas,petroineos,2026-06-04 08:24:55.531654,7261.0
2025-01-18,France,Blenod-5,Gas,petroineos,2026-06-04 08:24:55.568636,6713.0
2025-01-18,Great Britain,Hornsea-1,Wind,petroineos,2026-06-04 08:24:55.513189,764.9519002
2025-01-18,Great Britain,Hornsea-2,Wind,petroineos,2026-06-04 08:24:55.513189,706.5467276
2025-01-18,Great Britain,Pembroke-1,Gas,petroineos,2026-06-04 08:24:55.531654,5930.0
2025-01-18,Great Britain,Pembroke-2,Gas,petroineos,2026-06-04 08:24:55.531654,7958.0
2025-01-19,France,Blenod-5,Gas,petroineos,2026-06-04 08:24:55.568636,6050.0
2025-01-19,Great Britain,Hornsea-1,Wind,petroineos,2026-06-04 08:24:55.513189,540.2710408
2025-01-19,Great Britain,Hornsea-2,Wind,petroineos,2026-06-04 08:24:55.513189,558.4667623
2025-01-19,Great Britain,Pembroke-1,Gas,petroineos,2026-06-04 08:24:55.531654,6723.0
2025-01-19,Great Britain,Pembroke-2,Gas,petroineos,2026-06-04 08:24:55.531654,6723.0
2025-01-20,France,Blenod-5,Gas,petroineos,2026-06-04 08:24:55.568636,5498.0
2025-01-20,Great Britain,Hornsea-1,Wind,petroineos,2026-06-04 08:24:55.513189,944.1242803
2025-01-20,Great Britain,Hornsea-2,Wind,petroineos,2026-06-04 08:24:55.513189,254.9674534
2025-01-20,Great Britain,Pembroke-1,Gas,petroineos,2026-06-04 08:24:55.531654,7301.0
2025-01-20,Great Britain,Pembroke-2,Gas,petroineos,2026-06-04 08:24:55.531654,6376.0
2025-01-21,France,Blenod-5,Gas,petroineos,2026-06-04 08:24:55.568636,5888.0
2025-01-21,Great Britain,Hornsea-1,Wind,petroineos,2026-06-04 08:24:55.513189,441.5940271
2025-01-21,Great Britain,Hornsea-2,Wind,petroineos,2026-06-04 08:24:55.513189,607.088539
2025-01-21,Great Britain,Pembroke-1,Gas,petroineos,2026-06-04 08:24:55.531654,5155.0
2025-01-21,Great Britain,Pembroke-2,Gas,petroineos,2026-06-04 08:24:55.531654,7991.0
2025-01-22,France,Blenod-5,Gas,petroineos,2026-06-04 08:24:55.568636,6902.0
2025-01-22,Great Britain,Hornsea-1,Wind,petroineos,2026-06-04 08:24:55.513189,765.8591096
2025-01-22,Great Britain,Hornsea-2,Wind,petroineos,2026-06-04 08:24:55.513189,921.2300003
2025-01-22,Great Britain,Pembroke-1,Gas,petroineos,2026-06-04 08:24:55.531654,6204.0
2025-01-22,Great Britain,Pembroke-2,Gas,petroineos,2026-06-04 08:24:55.531654,6789.0
2025-01-23,France,Blenod-5,Gas,petroineos,2026-06-04 08:24:55.568636,6104.0
2025-01-23,Great Britain,Hornsea-1,Wind,petroineos,2026-06-04 08:24:55.513189,320.9373099
2025-01-23,Great Britain,Hornsea-2,Wind,petroineos,2026-06-04 08:24:55.513189,411.2293215
2025-01-23,Great Britain,Pembroke-1,Gas,petroineos,2026-06-04 08:24:55.531654,5461.0
2025-01-23,Great Britain,Pembroke-2,Gas,petroineos,2026-06-04 08:24:55.531654,7990.0
2025-01-24,France,Blenod-5,Gas,petroineos,2026-06-04 08:24:55.568636,3631.0
2025-01-24,Great Britain,Hornsea-1,Wind,petroineos,2026-06-04 08:24:55.513189,134.692085
2025-01-24,Great Britain,Hornsea-2,Wind,petroineos,2026-06-04 08:24:55.513189,61.38099549
2025-01-24,Great Britain,Pembroke-1,Gas,petroineos,2026-06-04 08:24:55.531654,7971.0
2025-01-24,Great Britain,Pembroke-2,Gas,petroineos,2026-06-04 08:24:55.531654,5250.0
2025-01-25,France,Blenod-5,Gas,petroineos,2026-06-04 08:24:55.568636,4228.0
2025-01-25,Great Britain,Hornsea-1,Wind,petroineos,2026-06-04 08:24:55.513189,749.2227132
2025-01-25,Great Britain,Hornsea-2,Wind,petroineos,2026-06-04 08:24:55.513189,522.0710365
2025-01-25,Great Britain,Pembroke-1,Gas,petroineos,2026-06-04 08:24:55.531654,7522.0
2025-01-25,Great Britain,Pembroke-2,Gas,petroineos,2026-06-04 08:24:55.531654,8211.0
2025-01-26,France,Blenod-5,Gas,petroineos,2026-06-04 08:24:55.568636,6464.0
2025-01-26,Great Britain,Hornsea-1,Wind,petroineos,2026-06-04 08:24:55.513189,563.0889323
2025-01-26,Great Britain,Hornsea-2,Wind,petroineos,2026-06-04 08:24:55.513189,884.4860488
2025-01-26,Great Britain,Pembroke-1,Gas,petroineos,2026-06-04 08:24:55.531654,6047.0
2025-01-26,Great Britain,Pembroke-2,Gas,petroineos,2026-06-04 08:24:55.531654,7267.0
2025-01-27,France,Blenod-5,Gas,petroineos,2026-06-04 08:24:55.568636,6249.0
2025-01-27,Great Britain,Hornsea-1,Wind,petroineos,2026-06-04 08:24:55.513189,716.9749177
2025-01-27,Great Britain,Hornsea-2,Wind,petroineos,2026-06-04 08:24:55.513189,643.5136872
2025-01-27,Great Britain,Pembroke-1,Gas,petroineos,2026-06-04 08:24:55.531654,6000.0
2025-01-27,Great Britain,Pembroke-2,Gas,petroineos,2026-06-04 08:24:55.531654,5167.0
2025-01-28,France,Blenod-5,Gas,petroineos,2026-06-04 08:24:55.568636,4463.0
2025-01-28,Great Britain,Hornsea-1,Wind,petroineos,2026-06-04 08:24:55.513189,371.9619138
2025-01-28,Great Britain,Hornsea-2,Wind,petroineos,2026-06-04 08:24:55.513189,981.5964974
2025-01-28,Great Britain,Pembroke-1,Gas,petroineos,2026-06-04 08:24:55.531654,6089.0
2025-01-28,Great Britain,Pembroke-2,Gas,petroineos,2026-06-04 08:24:55.531654,7152.0
2025-01-29,France,Blenod-5,Gas,petroineos,2026-06-04 08:24:55.568636,4220.0
2025-01-29,Great Britain,Hornsea-1,Wind,petroineos,2026-06-04 08:24:55.513189,213.8473004
2025-01-29,Great Britain,Hornsea-2,Wind,petroineos,2026-06-04 08:24:55.513189,29.75982613
2025-01-29,Great Britain,Pembroke-1,Gas,petroineos,2026-06-04 08:24:55.531654,5803.0
2025-01-29,Great Britain,Pembroke-2,Gas,petroineos,2026-06-04 08:24:55.531654,6554.0
2025-01-30,France,Blenod-5,Gas,petroineos,2026-06-04 08:24:55.568636,4356.0
2025-01-30,Great Britain,Hornsea-1,Wind,petroineos,2026-06-04 08:24:55.513189,700.1156688
2025-01-30,Great Britain,Hornsea-2,Wind,petroineos,2026-06-04 08:24:55.513189,568.5512745
2025-01-30,Great Britain,Pembroke-1,Gas,petroineos,2026-06-04 08:24:55.531654,7555.0
2025-01-30,Great Britain,Pembroke-2,Gas,petroineos,2026-06-04 08:24:55.531654,6292.0
2025-01-31,France,Blenod-5,Gas,petroineos,2026-06-04 08:24:55.568636,5584.0
2025-01-31,Great Britain,Hornsea-1,Wind,petroineos,2026-06-04 08:24:55.513189,253.1308041
2025-01-31,Great Britain,Hornsea-2,Wind,petroineos,2026-06-04 08:24:55.513189,223.4833581
2025-01-31,Great Britain,Pembroke-1,Gas,petroineos,2026-06-04 08:24:55.531654,7344.0
2025-01-31,Great Britain,Pembroke-2,Gas,petroineos,2026-06-04 08:24:55.531654,8750.0
2025-02-01,France,Blenod-5,Gas,petroineos,2026-06-04 08:24:55.568636,6475.0
2025-02-01,Great Britain,Hornsea-1,Wind,petroineos,2026-06-04 08:24:55.513189,535.8874287
2025-02-01,Great Britain,Hornsea-2,Wind,petroineos,2026-06-04 08:24:55.513189,150.7325098
2025-02-01,Great Britain,Pembroke-1,Gas,petroineos,2026-06-04 08:24:55.531654,7506.0
2025-02-01,Great Britain,Pembroke-2,Gas,petroineos,2026-06-04 08:24:55.531654,6177.0
2025-02-02,France,Blenod-5,Gas,petroineos,2026-06-04 08:24:55.568636,4111.0
2025-02-02,Great Britain,Hornsea-1,Wind,petroineos,2026-06-04 08:24:55.513189,355.5576436
2025-02-02,Great Britain,Hornsea-2,Wind,petroineos,2026-06-04 08:24:55.513189,980.8909885
2025-02-02,Great Britain,Pembroke-1,Gas,petroineos,2026-06-04 08:24:55.531654,8269.0
2025-02-02,Great Britain,Pembroke-2,Gas,petroineos,2026-06-04 08:24:55.531654,8732.0
2025-02-03,France,Blenod-5,Gas,petroineos,2026-06-04 08:24:55.568636,5647.0
2025-02-03,Great Britain,Hornsea-1,Wind,petroineos,2026-06-04 08:24:55.513189,728.0757602
2025-02-03,Great Britain,Hornsea-2,Wind,petroineos,2026-06-04 08:24:55.513189,334.1827368
2025-02-03,Great Britain,Pembroke-1,Gas,petroineos,2026-06-04 08:24:55.531654,6970.0
2025-02-03,Great Britain,Pembroke-2,Gas,petroineos,2026-06-04 08:24:55.531654,8149.0
2025-02-04,France,Blenod-5,Gas,petroineos,2026-06-04 08:24:55.568636,3170.0
2025-02-04,Great Britain,Hornsea-1,Wind,petroineos,2026-06-04 08:24:55.513189,406.3830395
2025-02-04,Great Britain,Hornsea-2,Wind,petroineos,2026-06-04 08:24:55.513189,508.8684741
2025-02-04,Great Britain,Pembroke-1,Gas,petroineos,2026-06-04 08:24:55.531654,7815.0
2025-02-04,Great Britain,Pembroke-2,Gas,petroineos,2026-06-04 08:24:55.531654,7912.0
2025-02-05,France,Blenod-5,Gas,petroineos,2026-06-04 08:24:55.568636,6379.0
2025-02-05,Great Britain,Hornsea-1,Wind,petroineos,2026-06-04 08:24:55.513189,947.2724751
2025-02-05,Great Britain,Hornsea-2,Wind,petroineos,2026-06-04 08:24:55.513189,299.4333519
2025-02-05,Great Britain,Pembroke-1,Gas,petroineos,2026-06-04 08:24:55.531654,6821.0
2025-02-05,Great Britain,Pembroke-2,Gas,petroineos,2026-06-04 08:24:55.531654,8005.0
2025-02-06,France,Blenod-5,Gas,petroineos,2026-06-04 08:24:55.568636,6360.0
2025-02-06,Great Britain,Hornsea-1,Wind,petroineos,2026-06-04 08:24:55.513189,289.6618711
2025-02-06,Great Britain,Hornsea-2,Wind,petroineos,2026-06-04 08:24:55.513189,573.6922328
2025-02-06,Great Britain,Pembroke-1,Gas,petroineos,2026-06-04 08:24:55.531654,5107.0
2025-02-06,Great Britain,Pembroke-2,Gas,petroineos,2026-06-04 08:24:55.531654,5491.0
2025-02-07,France,Blenod-5,Gas,petroineos,2026-06-04 08:24:55.568636,3174.0
2025-02-07,Great Britain,Hornsea-1,Wind,petroineos,2026-06-04 08:24:55.513189,221.0476732
2025-02-07,Great Britain,Hornsea-2,Wind,petroineos,2026-06-04 08:24:55.513189,540.8672796
2025-02-07,Great Britain,Pembroke-1,Gas,petroineos,2026-06-04 08:24:55.531654,7346.0
2025-02-07,Great Britain,Pembroke-2,Gas,petroineos,2026-06-04 08:24:55.531654,8717.0
2025-02-08,France,Blenod-5,Gas,petroineos,2026-06-04 08:24:55.568636,4236.0
2025-02-08,Great Britain,Hornsea-1,Wind,petroineos,2026-06-04 08:24:55.513189,204.2951
2025-02-08,Great Britain,Hornsea-2,Wind,petroineos,2026-06-04 08:24:55.513189,842.2940152
2025-02-08,Great Britain,Pembroke-1,Gas,petroineos,2026-06-04 08:24:55.531654,5281.0
2025-02-08,Great Britain,Pembroke-2,Gas,petroineos,2026-06-04 08:24:55.531654,7887.0
2025-02-09,France,Blenod-5,Gas,petroineos,2026-06-04 08:24:55.568636,6501.0
2025-02-09,Great Britain,Hornsea-1,Wind,petroineos,2026-06-04 08:24:55.513189,61.19720392
2025-02-09,Great Britain,Hornsea-2,Wind,petroineos,2026-06-04 08:24:55.513189,39.94906178
2025-02-09,Great Britain,Pembroke-1,Gas,petroineos,2026-06-04 08:24:55.531654,5442.0
2025-02-09,Great Britain,Pembroke-2,Gas,petroineos,2026-06-04 08:24:55.531654,8436.0
2025-02-10,France,Blenod-5,Gas,petroineos,2026-06-04 08:24:55.568636,3470.0
2025-02-10,Great Britain,Hornsea-1,Wind,petroineos,2026-06-04 08:24:55.513189,909.5466509
2025-02-10,Great Britain,Hornsea-2,Wind,petroineos,2026-06-04 08:24:55.513189,186.7803907
2025-02-10,Great Britain,Pembroke-1,Gas,petroineos,2026-06-04 08:24:55.531654,6855.0
2025-02-10,Great Britain,Pembroke-2,Gas,petroineos,2026-06-04 08:24:55.531654,6977.0
2025-02-11,France,Blenod-5,Gas,petroineos,2026-06-04 08:24:55.568636,5924.0
2025-02-11,Great Britain,Hornsea-1,Wind,petroineos,2026-06-04 08:24:55.513189,426.0437946
2025-02-11,Great Britain,Hornsea-2,Wind,petroineos,2026-06-04 08:24:55.513189,700.3394208
2025-02-11,Great Britain,Pembroke-1,Gas,petroineos,2026-06-04 08:24:55.531654,5821.0
2025-02-11,Great Britain,Pembroke-2,Gas,petroineos,2026-06-04 08:24:55.531654,7455.0
2025-02-12,France,Blenod-5,Gas,petroineos,2026-06-04 08:24:55.568636,3699.0
2025-02-12,Great Britain,Hornsea-1,Wind,petroineos,2026-06-04 08:24:55.513189,775.3237024
2025-02-12,Great Britain,Hornsea-2,Wind,petroineos,2026-06-04 08:24:55.513189,57.23550471
2025-02-12,Great Britain,Pembroke-1,Gas,petroineos,2026-06-04 08:24:55.531654,5652.0
2025-02-12,Great Britain,Pembroke-2,Gas,petroineos,2026-06-04 08:24:55.531654,6599.0
2025-02-13,France,Blenod-5,Gas,petroineos,2026-06-04 08:24:55.568636,6305.0
2025-02-13,Great Britain,Hornsea-1,Wind,petroineos,2026-06-04 08:24:55.513189,760.5244697
2025-02-13,Great Britain,Hornsea-2,Wind,petroineos,2026-06-04 08:24:55.513189,776.8593743
2025-02-13,Great Britain,Pembroke-1,Gas,petroineos,2026-06-04 08:24:55.531654,7536.0
2025-02-13,Great Britain,Pembroke-2,Gas,petroineos,2026-06-04 08:24:55.531654,6970.0
2025-02-14,France,Blenod-5,Gas,petroineos,2026-06-04 08:24:55.568636,3320.0
2025-02-14,Great Britain,Hornsea-1,Wind,petroineos,2026-06-04 08:24:55.513189,127.0210601
2025-02-14,Great Britain,Hornsea-2,Wind,petroineos,2026-06-04 08:24:55.513189,950.2308788
2025-02-14,Great Britain,Pembroke-1,Gas,petroineos,2026-06-04 08:24:55.531654,6803.0
2025-02-14,Great Britain,Pembroke-2,Gas,petroineos,2026-06-04 08:24:55.531654,7826.0
2025-02-15,France,Blenod-5,Gas,petroineos,2026-06-04 08:24:55.568636,6233.0
2025-02-15,Great Britain,Hornsea-1,Wind,petroineos,2026-06-04 08:24:55.513189,931.6784437
2025-02-15,Great Britain,Hornsea-2,Wind,petroineos,2026-06-04 08:24:55.513189,332.9024197
2025-02-15,Great Britain,Pembroke-1,Gas,petroineos,2026-06-04 08:24:55.531654,8554.0
2025-02-15,Great Britain,Pembroke-2,Gas,petroineos,2026-06-04 08:24:55.531654,8580.0
2025-02-16,France,Blenod-5,Gas,petroineos,2026-06-04 08:24:55.568636,3265.0
2025-02-16,Great Britain,Hornsea-1,Wind,petroineos,2026-06-04 08:24:55.513189,664.6640289
2025-02-16,Great Britain,Hornsea-2,Wind,petroineos,2026-06-04 08:24:55.513189,683.0480873
2025-02-16,Great Britain,Pembroke-1,Gas,petroineos,2026-06-04 08:24:55.531654,8711.0
2025-02-16,Great Britain,Pembroke-2,Gas,petroineos,2026-06-04 08:24:55.531654,6598.0
2025-02-17,France,Blenod-5,Gas,petroineos,2026-06-04 08:24:55.568636,6604.0
2025-02-17,Great Britain,Hornsea-1,Wind,petroineos,2026-06-04 08:24:55.513189,949.5987334
2025-02-17,Great Britain,Hornsea-2,Wind,petroineos,2026-06-04 08:24:55.513189,809.6130219
2025-02-17,Great Britain,Pembroke-1,Gas,petroineos,2026-06-04 08:24:55.531654,5015.0
2025-02-17,Great Britain,Pembroke-2,Gas,petroineos,2026-06-04 08:24:55.531654,8308.0
2025-02-18,France,Blenod-5,Gas,petroineos,2026-06-04 08:24:55.568636,5698.0
2025-02-18,Great Britain,Hornsea-1,Wind,petroineos,2026-06-04 08:24:55.513189,189.5264558
2025-02-18,Great Britain,Hornsea-2,Wind,petroineos,2026-06-04 08:24:55.513189,641.7398922
2025-02-18,Great Britain,Pembroke-1,Gas,petroineos,2026-06-04 08:24:55.531654,5574.0
2025-02-18,Great Britain,Pembroke-2,Gas,petroineos,2026-06-04 08:24:55.531654,8083.0
2025-02-19,France,Blenod-5,Gas,petroineos,2026-06-04 08:24:55.568636,3785.0
2025-02-19,Great Britain,Hornsea-1,Wind,petroineos,2026-06-04 08:24:55.513189,975.0222661
2025-02-19,Great Britain,Hornsea-2,Wind,petroineos,2026-06-04 08:24:55.513189,482.8391391
2025-02-19,Great Britain,Pembroke-1,Gas,petroineos,2026-06-04 08:24:55.531654,6923.0
2025-02-19,Great Britain,Pembroke-2,Gas,petroineos,2026-06-04 08:24:55.531654,6211.0
2025-02-20,France,Blenod-5,Gas,petroineos,2026-06-04 08:24:55.568636,6450.0
2025-02-20,Great Britain,Hornsea-1,Wind,petroineos,2026-06-04 08:24:55.513189,632.9686122
2025-02-20,Great Britain,Hornsea-2,Wind,petroineos,2026-06-04 08:24:55.513189,728.899582
2025-02-20,Great Britain,Pembroke-1,Gas,petroineos,2026-06-04 08:24:55.531654,5116.0
2025-02-20,Great Britain,Pembroke-2,Gas,petroineos,2026-06-04 08:24:55.531654,7211.0
2025-02-21,France,Blenod-5,Gas,petroineos,2026-06-04 08:24:55.568636,5435.0
2025-02-21,Great Britain,Hornsea-1,Wind,petroineos,2026-06-04 08:24:55.513189,810.2710951
2025-02-21,Great Britain,Hornsea-2,Wind,petroineos,2026-06-04 08:24:55.513189,20.73017432
2025-02-21,Great Britain,Pembroke-1,Gas,petroineos,2026-06-04 08:24:55.531654,5410.0
2025-02-21,Great Britain,Pembroke-2,Gas,petroineos,2026-06-04 08:24:55.531654,8214.0
2025-02-22,France,Blenod-5,Gas,petroineos,2026-06-04 08:24:55.568636,6659.0
2025-02-22,Great Britain,Hornsea-1,Wind,petroineos,2026-06-04 08:24:55.513189,747.4486028
2025-02-22,Great Britain,Hornsea-2,Wind,petroineos,2026-06-04 08:24:55.513189,393.1821759
2025-02-22,Great Britain,Pembroke-1,Gas,petroineos,2026-06-04 08:24:55.531654,5837.0
2025-02-22,Great Britain,Pembroke-2,Gas,petroineos,2026-06-04 08:24:55.531654,7845.0
2025-02-23,France,Blenod-5,Gas,petroineos,2026-06-04 08:24:55.568636,3365.0
2025-02-23,Great Britain,Hornsea-1,Wind,petroineos,2026-06-04 08:24:55.513189,362.7846699
2025-02-23,Great Britain,Hornsea-2,Wind,petroineos,2026-06-04 08:24:55.513189,567.700469
2025-02-23,Great Britain,Pembroke-1,Gas,petroineos,2026-06-04 08:24:55.531654,8844.0
2025-02-23,Great Britain,Pembroke-2,Gas,petroineos,2026-06-04 08:24:55.531654,6650.0
2025-02-24,France,Blenod-5,Gas,petroineos,2026-06-04 08:24:55.568636,5217.0
2025-02-24,Great Britain,Hornsea-1,Wind,petroineos,2026-06-04 08:24:55.513189,326.3394814
2025-02-24,Great Britain,Hornsea-2,Wind,petroineos,2026-06-04 08:24:55.513189,887.5548228
2025-02-24,Great Britain,Pembroke-1,Gas,petroineos,2026-06-04 08:24:55.531654,6685.0
2025-02-24,Great Britain,Pembroke-2,Gas,petroineos,2026-06-04 08:24:55.531654,5539.0
2025-02-25,France,Blenod-5,Gas,petroineos,2026-06-04 08:24:55.568636,4075.0
2025-02-25,Great Britain,Hornsea-1,Wind,petroineos,2026-06-04 08:24:55.513189,93.8608524
2025-02-25,Great Britain,Hornsea-2,Wind,petroineos,2026-06-04 08:24:55.513189,891.1155763
2025-02-25,Great Britain,Pembroke-1,Gas,petroineos,2026-06-04 08:24:55.531654,6729.0
2025-02-25,Great Britain,Pembroke-2,Gas,petroineos,2026-06-04 08:24:55.531654,7842.0
2025-02-26,France,Blenod-5,Gas,petroineos,2026-06-04 08:24:55.568636,4171.0
2025-02-26,Great Britain,Hornsea-1,Wind,petroineos,2026-06-04 08:24:55.513189,188.2832195
2025-02-26,Great Britain,Hornsea-2,Wind,petroineos,2026-06-04 08:24:55.513189,918.2207191
2025-02-26,Great Britain,Pembroke-1,Gas,petroineos,2026-06-04 08:24:55.531654,6968.0
2025-02-26,Great Britain,Pembroke-2,Gas,petroineos,2026-06-04 08:24:55.531654,5564.0
2025-02-27,France,Blenod-5,Gas,petroineos,2026-06-04 08:24:55.568636,3434.0
2025-02-27,Great Britain,Hornsea-1,Wind,petroineos,2026-06-04 08:24:55.513189,692.5478914
2025-02-27,Great Britain,Hornsea-2,Wind,petroineos,2026-06-04 08:24:55.513189,850.9039253
2025-02-27,Great Britain,Pembroke-1,Gas,petroineos,2026-06-04 08:24:55.531654,8616.0
2025-02-27,Great Britain,Pembroke-2,Gas,petroineos,2026-06-04 08:24:55.531654,8014.0
2025-02-28,France,Blenod-5,Gas,petroineos,2026-06-04 08:24:55.568636,3728.0
2025-02-28,Great Britain,Hornsea-1,Wind,petroineos,2026-06-04 08:24:55.513189,247.1409668
2025-02-28,Great Britain,Hornsea-2,Wind,petroineos,2026-06-04 08:24:55.513189,593.8421722
2025-02-28,Great Britain,Pembroke-1,Gas,petroineos,2026-06-04 08:24:55.531654,5241.0
2025-02-28,Great Britain,Pembroke-2,Gas,petroineos,2026-06-04 08:24:55.531654,7827.0
2025-03-01,France,Blenod-5,Gas,petroineos,2026-06-04 08:24:55.568636,3406.0
2025-03-01,Great Britain,Hornsea-1,Wind,petroineos,2026-06-04 08:24:55.513189,687.0882595
2025-03-01,Great Britain,Hornsea-2,Wind,petroineos,2026-06-04 08:24:55.513189,752.8971993
2025-03-01,Great Britain,Pembroke-1,Gas,petroineos,2026-06-04 08:24:55.531654,6370.0
2025-03-01,Great Britain,Pembroke-2,Gas,petroineos,2026-06-04 08:24:55.531654,7499.0
2025-03-02,France,Blenod-5,Gas,petroineos,2026-06-04 08:24:55.568636,4188.0
2025-03-02,Great Britain,Hornsea-1,Wind,petroineos,2026-06-04 08:24:55.513189,450.9573558
2025-03-02,Great Britain,Hornsea-2,Wind,petroineos,2026-06-04 08:24:55.513189,794.6721668
2025-03-02,Great Britain,Pembroke-1,Gas,petroineos,2026-06-04 08:24:55.531654,6989.0
2025-03-02,Great Britain,Pembroke-2,Gas,petroineos,2026-06-04 08:24:55.531654,8335.0
2025-03-03,France,Blenod-5,Gas,petroineos,2026-06-04 08:24:55.568636,5829.0
2025-03-03,Great Britain,Hornsea-1,Wind,petroineos,2026-06-04 08:24:55.513189,145.2362004
2025-03-03,Great Britain,Hornsea-2,Wind,petroineos,2026-06-04 08:24:55.513189,512.9451195
2025-03-03,Great Britain,Pembroke-1,Gas,petroineos,2026-06-04 08:24:55.531654,6271.0
2025-03-03,Great Britain,Pembroke-2,Gas,petroineos,2026-06-04 08:24:55.531654,8762.0
2025-03-04,France,Blenod-5,Gas,petroineos,2026-06-04 08:24:55.568636,5385.0
2025-03-04,Great Britain,Hornsea-1,Wind,petroineos,2026-06-04 08:24:55.513189,554.4635655
2025-03-04,Great Britain,Hornsea-2,Wind,petroineos,2026-06-04 08:24:55.513189,745.362303
2025-03-04,Great Britain,Pembroke-1,Gas,petroineos,2026-06-04 08:24:55.531654,7909.0
2025-03-04,Great Britain,Pembroke-2,Gas,petroineos,2026-06-04 08:24:55.531654,5897.0
2025-03-05,France,Blenod-5,Gas,petroineos,2026-06-04 08:24:55.568636,3274.0
2025-03-05,Great Britain,Hornsea-1,Wind,petroineos,2026-06-04 08:24:55.513189,-27.56
2025-03-05,Great Britain,Hornsea-2,Wind,petroineos,2026-06-04 08:24:55.513189,287.3622119
2025-03-05,Great Britain,Pembroke-1,Gas,petroineos,2026-06-04 08:24:55.531654,5118.0
2025-03-05,Great Britain,Pembroke-2,Gas,petroineos,2026-06-04 08:24:55.531654,7152.0
2025-03-06,France,Blenod-5,Gas,petroineos,2026-06-04 08:24:55.568636,5141.0
2025-03-06,Great Britain,Hornsea-1,Wind,petroineos,2026-06-04 08:24:55.513189,328.0702
2025-03-06,Great Britain,Hornsea-2,Wind,petroineos,2026-06-04 08:24:55.513189,883.529801
2025-03-06,Great Britain,Pembroke-1,Gas,petroineos,2026-06-04 08:24:55.531654,6422.0
2025-03-06,Great Britain,Pembroke-2,Gas,petroineos,2026-06-04 08:24:55.531654,7674.0
2025-03-07,France,Blenod-5,Gas,petroineos,2026-06-04 08:24:55.568636,5811.0
2025-03-07,Great Britain,Hornsea-1,Wind,petroineos,2026-06-04 08:24:55.513189,167.4199017
2025-03-07,Great Britain,Hornsea-2,Wind,petroineos,2026-06-04 08:24:55.513189,107.6494787
2025-03-07,Great Britain,Pembroke-1,Gas,petroineos,2026-06-04 08:24:55.531654,5171.0
2025-03-07,Great Britain,Pembroke-2,Gas,petroineos,2026-06-04 08:24:55.531654,8545.0
2025-03-08,France,Blenod-5,Gas,petroineos,2026-06-04 08:24:55.568636,4294.0
2025-03-08,Great Britain,Hornsea-1,Wind,petroineos,2026-06-04 08:24:55.513189,698.2547517
2025-03-08,Great Britain,Hornsea-2,Wind,petroineos,2026-06-04 08:24:55.513189,617.6875862
2025-03-08,Great Britain,Pembroke-1,Gas,petroineos,2026-06-04 08:24:55.531654,6735.0
2025-03-08,Great Britain,Pembroke-2,Gas,petroineos,2026-06-04 08:24:55.531654,7678.0
2025-03-09,France,Blenod-5,Gas,petroineos,2026-06-04 08:24:55.568636,3367.0
2025-03-09,Great Britain,Hornsea-1,Wind,petroineos,2026-06-04 08:24:55.513189,445.2617969
2025-03-09,Great Britain,Hornsea-2,Wind,petroineos,2026-06-04 08:24:55.513189,735.3782237
2025-03-09,Great Britain,Pembroke-1,Gas,petroineos,2026-06-04 08:24:55.531654,7716.0
2025-03-09,Great Britain,Pembroke-2,Gas,petroineos,2026-06-04 08:24:55.531654,5584.0
2025-03-10,France,Blenod-5,Gas,petroineos,2026-06-04 08:24:55.568636,6754.0
2025-03-10,Great Britain,Hornsea-1,Wind,petroineos,2026-06-04 08:24:55.513189,819.6163675
2025-03-10,Great Britain,Hornsea-2,Wind,petroineos,2026-06-04 08:24:55.513189,378.6810322
2025-03-10,Great Britain,Pembroke-1,Gas,petroineos,2026-06-04 08:24:55.531654,5958.0
2025-03-10,Great Britain,Pembroke-2,Gas,petroineos,2026-06-04 08:24:55.531654,8069.0
2025-03-11,France,Blenod-5,Gas,petroineos,2026-06-04 08:24:55.568636,5317.0
2025-03-11,Great Britain,Hornsea-1,Wind,petroineos,2026-06-04 08:24:55.513189,301.8312826
2025-03-11,Great Britain,Hornsea-2,Wind,petroineos,2026-06-04 08:24:55.513189,263.3745022
2025-03-11,Great Britain,Pembroke-1,Gas,petroineos,2026-06-04 08:24:55.531654,5737.0
2025-03-11,Great Britain,Pembroke-2,Gas,petroineos,2026-06-04 08:24:55.531654,8278.0
2025-03-12,France,Blenod-5,Gas,petroineos,2026-06-04 08:24:55.568636,3816.0
2025-03-12,Great Britain,Hornsea-1,Wind,petroineos,2026-06-04 08:24:55.513189,327.5683712
2025-03-12,Great Britain,Hornsea-2,Wind,petroineos,2026-06-04 08:24:55.513189,905.4216419
2025-03-12,Great Britain,Pembroke-1,Gas,petroineos,2026-06-04 08:24:55.531654,7492.0
2025-03-12,Great Britain,Pembroke-2,Gas,petroineos,2026-06-04 08:24:55.531654,8080.0
2025-03-13,France,Blenod-5,Gas,petroineos,2026-06-04 08:24:55.568636,5000.0
2025-03-13,Great Britain,Hornsea-1,Wind,petroineos,2026-06-04 08:24:55.513189,560.4321501
2025-03-13,Great Britain,Hornsea-2,Wind,petroineos,2026-06-04 08:24:55.513189,764.8777873
2025-03-13,Great Britain,Pembroke-1,Gas,petroineos,2026-06-04 08:24:55.531654,8429.0
2025-03-13,Great Britain,Pembroke-2,Gas,petroineos,2026-06-04 08:24:55.531654,8222.0
2025-03-14,France,Blenod-5,Gas,petroineos,2026-06-04 08:24:55.568636,6910.0
2025-03-14,Great Britain,Hornsea-1,Wind,petroineos,2026-06-04 08:24:55.513189,415.4001124
2025-03-14,Great Britain,Hornsea-2,Wind,petroineos,2026-06-04 08:24:55.513189,569.4757983
2025-03-14,Great Britain,Pembroke-1,Gas,petroineos,2026-06-04 08:24:55.531654,6858.0
2025-03-14,Great Britain,Pembroke-2,Gas,petroineos,2026-06-04 08:24:55.531654,7840.0
2025-03-15,France,Blenod-5,Gas,petroineos,2026-06-04 08:24:55.568636,5733.0
2025-03-15,Great Britain,Hornsea-1,Wind,petroineos,2026-06-04 08:24:55.513189,973.0845245
2025-03-15,Great Britain,Hornsea-2,Wind,petroineos,2026-06-04 08:24:55.513189,295.9635286
2025-03-15,Great Britain,Pembroke-1,Gas,petroineos,2026-06-04 08:24:55.531654,7893.0
2025-03-15,Great Britain,Pembroke-2,Gas,petroineos,2026-06-04 08:24:55.531654,8352.0
2025-03-16,France,Blenod-5,Gas,petroineos,2026-06-04 08:24:55.568636,4588.0
2025-03-16,Great Britain,Hornsea-1,Wind,petroineos,2026-06-04 08:24:55.513189,294.7442216
2025-03-16,Great Britain,Hornsea-2,Wind,petroineos,2026-06-04 08:24:55.513189,233.5385267
2025-03-16,Great Britain,Pembroke-1,Gas,petroineos,2026-06-04 08:24:55.531654,6382.0
2025-03-16,Great Britain,Pembroke-2,Gas,petroineos,2026-06-04 08:24:55.531654,8700.0
2025-03-17,France,Blenod-5,Gas,petroineos,2026-06-04 08:24:55.568636,5673.0
2025-03-17,Great Britain,Hornsea-1,Wind,petroineos,2026-06-04 08:24:55.513189,539.8607695
2025-03-17,Great Britain,Hornsea-2,Wind,petroineos,2026-06-04 08:24:55.513189,46.35172319
2025-03-17,Great Britain,Pembroke-1,Gas,petroineos,2026-06-04 08:24:55.531654,6884.0
2025-03-17,Great Britain,Pembroke-2,Gas,petroineos,2026-06-04 08:24:55.531654,7591.0
2025-03-18,France,Blenod-5,Gas,petroineos,2026-06-04 08:24:55.568636,6543.0
2025-03-18,Great Britain,Hornsea-1,Wind,petroineos,2026-06-04 08:24:55.513189,114.2866098
2025-03-18,Great Britain,Hornsea-2,Wind,petroineos,2026-06-04 08:24:55.513189,820.9741431
2025-03-18,Great Britain,Pembroke-1,Gas,petroineos,2026-06-04 08:24:55.531654,6109.0
2025-03-18,Great Britain,Pembroke-2,Gas,petroineos,2026-06-04 08:24:55.531654,5694.0
2025-03-19,France,Blenod-5,Gas,petroineos,2026-06-04 08:24:55.568636,5863.0
2025-03-19,Great Britain,Hornsea-1,Wind,petroineos,2026-06-04 08:24:55.513189,975.3537656
2025-03-19,Great Britain,Hornsea-2,Wind,petroineos,2026-06-04 08:24:55.513189,580.4118561
2025-03-19,Great Britain,Pembroke-1,Gas,petroineos,2026-06-04 08:24:55.531654,6167.0
2025-03-19,Great Britain,Pembroke-2,Gas,petroineos,2026-06-04 08:24:55.531654,5550.0
2025-03-20,France,Blenod-5,Gas,petroineos,2026-06-04 08:24:55.568636,5260.0
2025-03-20,Great Britain,Hornsea-1,Wind,petroineos,2026-06-04 08:24:55.513189,193.6444747
2025-03-20,Great Britain,Hornsea-2,Wind,petroineos,2026-06-04 08:24:55.513189,718.7165312
2025-03-20,Great Britain,Pembroke-1,Gas,petroineos,2026-06-04 08:24:55.531654,5438.0
2025-03-20,Great Britain,Pembroke-2,Gas,petroineos,2026-06-04 08:24:55.531654,6313.0
2025-03-21,France,Blenod-5,Gas,petroineos,2026-06-04 08:24:55.568636,5638.0
2025-03-21,Great Britain,Hornsea-1,Wind,petroineos,2026-06-04 08:24:55.513189,898.1917851
2025-03-21,Great Britain,Hornsea-2,Wind,petroineos,2026-06-04 08:24:55.513189,78.02380442
2025-03-21,Great Britain,Pembroke-1,Gas,petroineos,2026-06-04 08:24:55.531654,5837.0
2025-03-21,Great Britain,Pembroke-2,Gas,petroineos,2026-06-04 08:24:55.531654,0.0
2025-03-22,France,Blenod-5,Gas,petroineos,2026-06-04 08:24:55.568636,3375.0
2025-03-22,Great Britain,Hornsea-1,Wind,petroineos,2026-06-04 08:24:55.513189,440.5623786
2025-03-22,Great Britain,Hornsea-2,Wind,petroineos,2026-06-04 08:24:55.513189,862.100734
2025-03-22,Great Britain,Pembroke-1,Gas,petroineos,2026-06-04 08:24:55.531654,7761.0
2025-03-22,Great Britain,Pembroke-2,Gas,petroineos,2026-06-04 08:24:55.531654,0.0
2025-03-23,France,Blenod-5,Gas,petroineos,2026-06-04 08:24:55.568636,4295.0
2025-03-23,Great Britain,Hornsea-1,Wind,petroineos,2026-06-04 08:24:55.513189,38.2461569
2025-03-23,Great Britain,Hornsea-2,Wind,petroineos,2026-06-04 08:24:55.513189,427.6871785
2025-03-23,Great Britain,Pembroke-1,Gas,petroineos,2026-06-04 08:24:55.531654,8330.0
2025-03-23,Great Britain,Pembroke-2,Gas,petroineos,2026-06-04 08:24:55.531654,0.0
2025-03-24,France,Blenod-5,Gas,petroineos,2026-06-04 08:24:55.568636,3327.0
2025-03-24,Great Britain,Hornsea-1,Wind,petroineos,2026-06-04 08:24:55.513189,682.5199527
2025-03-24,Great Britain,Hornsea-2,Wind,petroineos,2026-06-04 08:24:55.513189,681.9236115
2025-03-24,Great Britain,Pembroke-1,Gas,petroineos,2026-06-04 08:24:55.531654,6122.0
2025-03-24,Great Britain,Pembroke-2,Gas,petroineos,2026-06-04 08:24:55.531654,0.0
2025-03-25,France,Blenod-5,Gas,petroineos,2026-06-04 08:24:55.568636,6691.0
2025-03-25,Great Britain,Hornsea-1,Wind,petroineos,2026-06-04 08:24:55.513189,631.3674515
2025-03-25,Great Britain,Hornsea-2,Wind,petroineos,2026-06-04 08:24:55.513189,418.4242051
2025-03-25,Great Britain,Pembroke-1,Gas,petroineos,2026-06-04 08:24:55.531654,5342.0
2025-03-25,Great Britain,Pembroke-2,Gas,petroineos,2026-06-04 08:24:55.531654,5317.0
2025-03-26,France,Blenod-5,Gas,petroineos,2026-06-04 08:24:55.568636,6130.0
2025-03-26,Great Britain,Hornsea-1,Wind,petroineos,2026-06-04 08:24:55.513189,869.3748003
2025-03-26,Great Britain,Hornsea-2,Wind,petroineos,2026-06-04 08:24:55.513189,704.6188325
2025-03-26,Great Britain,Pembroke-1,Gas,petroineos,2026-06-04 08:24:55.531654,7105.0
2025-03-26,Great Britain,Pembroke-2,Gas,petroineos,2026-06-04 08:24:55.531654,6384.0
2025-03-27,France,Blenod-5,Gas,petroineos,2026-06-04 08:24:55.568636,3246.0
2025-03-27,Great Britain,Hornsea-1,Wind,petroineos,2026-06-04 08:24:55.513189,530.6728673
2025-03-27,Great Britain,Hornsea-2,Wind,petroineos,2026-06-04 08:24:55.513189,352.6919153
2025-03-27,Great Britain,Pembroke-1,Gas,petroineos,2026-06-04 08:24:55.531654,6728.0
2025-03-27,Great Britain,Pembroke-2,Gas,petroineos,2026-06-04 08:24:55.531654,8883.0
2025-03-28,France,Blenod-5,Gas,petroineos,2026-06-04 08:24:55.568636,3859.0
2025-03-28,Great Britain,Hornsea-1,Wind,petroineos,2026-06-04 08:24:55.513189,446.8926622
2025-03-28,Great Britain,Hornsea-2,Wind,petroineos,2026-06-04 08:24:55.513189,825.2904203
2025-03-28,Great Britain,Pembroke-1,Gas,petroineos,2026-06-04 08:24:55.531654,7470.0
2025-03-28,Great Britain,Pembroke-2,Gas,petroineos,2026-06-04 08:24:55.531654,5643.0
2025-03-29,France,Blenod-5,Gas,petroineos,2026-06-04 08:24:55.568636,5135.0
2025-03-29,Great Britain,Hornsea-1,Wind,petroineos,2026-06-04 08:24:55.513189,785.4974742
2025-03-29,Great Britain,Hornsea-2,Wind,petroineos,2026-06-04 08:24:55.513189,712.8689544
2025-03-29,Great Britain,Pembroke-1,Gas,petroineos,2026-06-04 08:24:55.531654,8255.0
2025-03-29,Great Britain,Pembroke-2,Gas,petroineos,2026-06-04 08:24:55.531654,6683.0
2025-03-30,France,Blenod-5,Gas,petroineos,2026-06-04 08:24:55.568636,4102.0
2025-03-30,Great Britain,Hornsea-1,Wind,petroineos,2026-06-04 08:24:55.513189,-325.21
2025-03-30,Great Britain,Hornsea-2,Wind,petroineos,2026-06-04 08:24:55.513189,153.9155512
2025-03-30,Great Britain,Pembroke-1,Gas,petroineos,2026-06-04 08:24:55.531654,7431.0
2025-03-30,Great Britain,Pembroke-2,Gas,petroineos,2026-06-04 08:24:55.531654,6246.0
2025-03-31,France,Blenod-5,Gas,petroineos,2026-06-04 08:24:55.568636,6225.0
2025-03-31,Great Britain,Hornsea-1,Wind,petroineos,2026-06-04 08:24:55.513189,927.9922448
2025-03-31,Great Britain,Hornsea-2,Wind,petroineos,2026-06-04 08:24:55.513189,167.3699599
2025-03-31,Great Britain,Pembroke-1,Gas,petroineos,2026-06-04 08:24:55.531654,8977.0
2025-03-31,Great Britain,Pembroke-2,Gas,petroineos,2026-06-04 08:24:55.531654,8187.0
2025-04-01,France,Blenod-5,Gas,petroineos,2026-06-04 08:24:55.568636,3921.0
2025-04-01,Great Britain,Hornsea-1,Wind,petroineos,2026-06-04 08:24:55.513189,999.6974955
2025-04-01,Great Britain,Hornsea-2,Wind,petroineos,2026-06-04 08:24:55.513189,799.751396
2025-04-01,Great Britain,Pembroke-1,Gas,petroineos,2026-06-04 08:24:55.531654,6454.0
2025-04-01,Great Britain,Pembroke-2,Gas,petroineos,2026-06-04 08:24:55.531654,7071.0
2025-04-02,France,Blenod-5,Gas,petroineos,2026-06-04 08:24:55.568636,4094.0
2025-04-02,Great Britain,Hornsea-1,Wind,petroineos,2026-06-04 08:24:55.513189,491.6372436
2025-04-02,Great Britain,Hornsea-2,Wind,petroineos,2026-06-04 08:24:55.513189,457.2806253
2025-04-02,Great Britain,Pembroke-1,Gas,petroineos,2026-06-04 08:24:55.531654,7922.0
2025-04-02,Great Britain,Pembroke-2,Gas,petroineos,2026-06-04 08:24:55.531654,6902.0
2025-04-03,France,Blenod-5,Gas,petroineos,2026-06-04 08:24:55.568636,3362.0
2025-04-03,Great Britain,Hornsea-1,Wind,petroineos,2026-06-04 08:24:55.513189,690.2401927
2025-04-03,Great Britain,Hornsea-2,Wind,petroineos,2026-06-04 08:24:55.513189,703.6004544
2025-04-03,Great Britain,Pembroke-1,Gas,petroineos,2026-06-04 08:24:55.531654,6553.0
2025-04-03,Great Britain,Pembroke-2,Gas,petroineos,2026-06-04 08:24:55.531654,6236.0
2025-04-04,France,Blenod-5,Gas,petroineos,2026-06-04 08:24:55.568636,5684.0
2025-04-04,Great Britain,Hornsea-1,Wind,petroineos,2026-06-04 08:24:55.513189,368.3462865
2025-04-04,Great Britain,Hornsea-2,Wind,petroineos,2026-06-04 08:24:55.513189,882.1050162
2025-04-04,Great Britain,Pembroke-1,Gas,petroineos,2026-06-04 08:24:55.531654,7015.0
2025-04-04,Great Britain,Pembroke-2,Gas,petroineos,2026-06-04 08:24:55.531654,8845.0
2025-04-05,France,Blenod-5,Gas,petroineos,2026-06-04 08:24:55.568636,4224.0
2025-04-05,Great Britain,Hornsea-1,Wind,petroineos,2026-06-04 08:24:55.513189,844.2810735
2025-04-05,Great Britain,Hornsea-2,Wind,petroineos,2026-06-04 08:24:55.513189,893.2220764
2025-04-05,Great Britain,Pembroke-1,Gas,petroineos,2026-06-04 08:24:55.531654,7006.0
2025-04-05,Great Britain,Pembroke-2,Gas,petroineos,2026-06-04 08:24:55.531654,6353.0
2025-04-06,France,Blenod-5,Gas,petroineos,2026-06-04 08:24:55.568636,3433.0
2025-04-06,Great Britain,Hornsea-1,Wind,petroineos,2026-06-04 08:24:55.513189,146.3377723
2025-04-06,Great Britain,Hornsea-2,Wind,petroineos,2026-06-04 08:24:55.513189,533.4870565
2025-04-06,Great Britain,Pembroke-1,Gas,petroineos,2026-06-04 08:24:55.531654,7375.0
2025-04-06,Great Britain,Pembroke-2,Gas,petroineos,2026-06-04 08:24:55.531654,5975.0
2025-04-07,France,Blenod-5,Gas,petroineos,2026-06-04 08:24:55.568636,6260.0
2025-04-07,Great Britain,Hornsea-1,Wind,petroineos,2026-06-04 08:24:55.513189,150.2457996
2025-04-07,Great Britain,Hornsea-2,Wind,petroineos,2026-06-04 08:24:55.513189,151.7608346
2025-04-07,Great Britain,Pembroke-1,Gas,petroineos,2026-06-04 08:24:55.531654,8292.0
2025-04-07,Great Britain,Pembroke-2,Gas,petroineos,2026-06-04 08:24:55.531654,5226.0
2025-04-08,France,Blenod-5,Gas,petroineos,2026-06-04 08:24:55.568636,3231.0
2025-04-08,Great Britain,Hornsea-1,Wind,petroineos,2026-06-04 08:24:55.513189,429.8082196
2025-04-08,Great Britain,Hornsea-2,Wind,petroineos,2026-06-04 08:24:55.513189,452.6935932
2025-04-08,Great Britain,Pembroke-1,Gas,petroineos,2026-06-04 08:24:55.531654,8814.0
2025-04-08,Great Britain,Pembroke-2,Gas,petroineos,2026-06-04 08:24:55.531654,7335.0
2025-04-09,France,Blenod-5,Gas,petroineos,2026-06-04 08:24:55.568636,6362.0
2025-04-09,Great Britain,Hornsea-1,Wind,petroineos,2026-06-04 08:24:55.513189,664.1529795
2025-04-09,Great Britain,Hornsea-2,Wind,petroineos,2026-06-04 08:24:55.513189,67.21231593
2025-04-09,Great Britain,Pembroke-1,Gas,petroineos,2026-06-04 08:24:55.531654,5966.0
2025-04-09,Great Britain,Pembroke-2,Gas,petroineos,2026-06-04 08:24:55.531654,8769.0
2025-04-10,France,Blenod-5,Gas,petroineos,2026-06-04 08:24:55.568636,5917.0
2025-04-10,Great Britain,Hornsea-1,Wind,petroineos,2026-06-04 08:24:55.513189,209.5268529
2025-04-10,Great Britain,Hornsea-2,Wind,petroineos,2026-06-04 08:24:55.513189,38.94811069
2025-04-10,Great Britain,Pembroke-1,Gas,petroineos,2026-06-04 08:24:55.531654,7926.0
2025-04-10,Great Britain,Pembroke-2,Gas,petroineos,2026-06-04 08:24:55.531654,7833.0
2025-04-11,France,Blenod-5,Gas,petroineos,2026-06-04 08:24:55.568636,3156.0
2025-04-11,Great Britain,Hornsea-1,Wind,petroineos,2026-06-04 08:24:55.513189,524.5408573
2025-04-11,Great Britain,Hornsea-2,Wind,petroineos,2026-06-04 08:24:55.513189,439.3113748
2025-04-11,Great Britain,Pembroke-1,Gas,petroineos,2026-06-04 08:24:55.531654,7361.0
2025-04-11,Great Britain,Pembroke-2,Gas,petroineos,2026-06-04 08:24:55.531654,5911.0
2025-04-12,France,Blenod-5,Gas,petroineos,2026-06-04 08:24:55.568636,3804.0
2025-04-12,Great Britain,Hornsea-1,Wind,petroineos,2026-06-04 08:24:55.513189,157.6280239
2025-04-12,Great Britain,Hornsea-2,Wind,petroineos,2026-06-04 08:24:55.513189,334.1764145
2025-04-12,Great Britain,Pembroke-1,Gas,petroineos,2026-06-04 08:24:55.531654,7084.0
2025-04-12,Great Britain,Pembroke-2,Gas,petroineos,2026-06-04 08:24:55.531654,8352.0
2025-04-13,France,Blenod-5,Gas,petroineos,2026-06-04 08:24:55.568636,6924.0
2025-04-13,Great Britain,Hornsea-1,Wind,petroineos,2026-06-04 08:24:55.513189,274.7663463
2025-04-13,Great Britain,Hornsea-2,Wind,petroineos,2026-06-04 08:24:55.513189,915.9272937
2025-04-13,Great Britain,Pembroke-1,Gas,petroineos,2026-06-04 08:24:55.531654,6598.0
2025-04-13,Great Britain,Pembroke-2,Gas,petroineos,2026-06-04 08:24:55.531654,8307.0
2025-04-14,France,Blenod-5,Gas,petroineos,2026-06-04 08:24:55.568636,6785.0
2025-04-14,Great Britain,Hornsea-1,Wind,petroineos,2026-06-04 08:24:55.513189,366.9363411
2025-04-14,Great Britain,Hornsea-2,Wind,petroineos,2026-06-04 08:24:55.513189,374.6837804
2025-04-14,Great Britain,Pembroke-1,Gas,petroineos,2026-06-04 08:24:55.531654,5452.0
2025-04-14,Great Britain,Pembroke-2,Gas,petroineos,2026-06-04 08:24:55.531654,5553.0
2025-04-15,France,Blenod-5,Gas,petroineos,2026-06-04 08:24:55.568636,6383.0
2025-04-15,Great Britain,Hornsea-1,Wind,petroineos,2026-06-04 08:24:55.513189,406.3415112
2025-04-15,Great Britain,Hornsea-2,Wind,petroineos,2026-06-04 08:24:55.513189,825.4770864
2025-04-15,Great Britain,Pembroke-1,Gas,petroineos,2026-06-04 08:24:55.531654,6468.0
2025-04-15,Great Britain,Pembroke-2,Gas,petroineos,2026-06-04 08:24:55.531654,8214.0
2025-04-16,France,Blenod-5,Gas,petroineos,2026-06-04 08:24:55.568636,3488.0
2025-04-16,Great Britain,Hornsea-1,Wind,petroineos,2026-06-04 08:24:55.513189,684.5079361
2025-04-16,Great Britain,Hornsea-2,Wind,petroineos,2026-06-04 08:24:55.513189,801.4350521
2025-04-16,Great Britain,Pembroke-1,Gas,petroineos,2026-06-04 08:24:55.531654,6538.0
2025-04-16,Great Britain,Pembroke-2,Gas,petroineos,2026-06-04 08:24:55.531654,8195.0
2025-04-17,France,Blenod-5,Gas,petroineos,2026-06-04 08:24:55.568636,5869.0
2025-04-17,Great Britain,Hornsea-1,Wind,petroineos,2026-06-04 08:24:55.513189,648.0985325
2025-04-17,Great Britain,Hornsea-2,Wind,petroineos,2026-06-04 08:24:55.513189,894.5285903
2025-04-17,Great Britain,Pembroke-1,Gas,petroineos,2026-06-04 08:24:55.531654,7729.0
2025-04-17,Great Britain,Pembroke-2,Gas,petroineos,2026-06-04 08:24:55.531654,7438.0
2025-04-18,France,Blenod-5,Gas,petroineos,2026-06-04 08:24:55.568636,4228.0
2025-04-18,Great Britain,Hornsea-1,Wind,petroineos,2026-06-04 08:24:55.513189,18.72017093
2025-04-18,Great Britain,Hornsea-2,Wind,petroineos,2026-06-04 08:24:55.513189,149.2278228
2025-04-18,Great Britain,Pembroke-1,Gas,petroineos,2026-06-04 08:24:55.531654,8697.0
2025-04-18,Great Britain,Pembroke-2,Gas,petroineos,2026-06-04 08:24:55.531654,7593.0
2025-04-19,France,Blenod-5,Gas,petroineos,2026-06-04 08:24:55.568636,4995.0
2025-04-19,Great Britain,Hornsea-1,Wind,petroineos,2026-06-04 08:24:55.513189,105.6756235
2025-04-19,Great Britain,Hornsea-2,Wind,petroineos,2026-06-04 08:24:55.513189,978.3413018
2025-04-19,Great Britain,Pembroke-1,Gas,petroineos,2026-06-04 08:24:55.531654,5555.0
2025-04-19,Great Britain,Pembroke-2,Gas,petroineos,2026-06-04 08:24:55.531654,5115.0
2025-04-20,France,Blenod-5,Gas,petroineos,2026-06-04 08:24:55.568636,5454.0
2025-04-20,Great Britain,Hornsea-1,Wind,petroineos,2026-06-04 08:24:55.513189,459.3198351
2025-04-20,Great Britain,Hornsea-2,Wind,petroineos,2026-06-04 08:24:55.513189,128.0548481
2025-04-20,Great Britain,Pembroke-1,Gas,petroineos,2026-06-04 08:24:55.531654,6830.0
2025-04-20,Great Britain,Pembroke-2,Gas,petroineos,2026-06-04 08:24:55.531654,5321.0
2025-04-21,France,Blenod-5,Gas,petroineos,2026-06-04 08:24:55.568636,3839.0
2025-04-21,Great Britain,Hornsea-1,Wind,petroineos,2026-06-04 08:24:55.513189,228.151737
2025-04-21,Great Britain,Hornsea-2,Wind,petroineos,2026-06-04 08:24:55.513189,711.2316193
2025-04-21,Great Britain,Pembroke-1,Gas,petroineos,2026-06-04 08:24:55.531654,5893.0
2025-04-21,Great Britain,Pembroke-2,Gas,petroineos,2026-06-04 08:24:55.531654,8301.0
2025-04-22,France,Blenod-5,Gas,petroineos,2026-06-04 08:24:55.568636,4461.0
2025-04-22,Great Britain,Hornsea-1,Wind,petroineos,2026-06-04 08:24:55.513189,330.3493251
2025-04-22,Great Britain,Hornsea-2,Wind,petroineos,2026-06-04 08:24:55.513189,808.5345848
2025-04-22,Great Britain,Pembroke-1,Gas,petroineos,2026-06-04 08:24:55.531654,5712.0
2025-04-22,Great Britain,Pembroke-2,Gas,petroineos,2026-06-04 08:24:55.531654,5138.0
2025-04-23,France,Blenod-5,Gas,petroineos,2026-06-04 08:24:55.568636,4075.0
2025-04-23,Great Britain,Hornsea-1,Wind,petroineos,2026-06-04 08:24:55.513189,299.3661281
2025-04-23,Great Britain,Hornsea-2,Wind,petroineos,2026-06-04 08:24:55.513189,142.4503395
2025-04-23,Great Britain,Pembroke-1,Gas,petroineos,2026-06-04 08:24:55.531654,7731.0
2025-04-23,Great Britain,Pembroke-2,Gas,petroineos,2026-06-04 08:24:55.531654,8662.0
2025-04-24,France,Blenod-5,Gas,petroineos,2026-06-04 08:24:55.568636,6821.0
2025-04-24,Great Britain,Hornsea-1,Wind,petroineos,2026-06-04 08:24:55.513189,969.2954036
2025-04-24,Great Britain,Hornsea-2,Wind,petroineos,2026-06-04 08:24:55.513189,392.0821841
2025-04-24,Great Britain,Pembroke-1,Gas,petroineos,2026-06-04 08:24:55.531654,8547.0
2025-04-24,Great Britain,Pembroke-2,Gas,petroineos,2026-06-04 08:24:55.531654,5324.0
2025-04-25,France,Blenod-5,Gas,petroineos,2026-06-04 08:24:55.568636,6035.0
2025-04-25,Great Britain,Hornsea-1,Wind,petroineos,2026-06-04 08:24:55.513189,849.8791874
2025-04-25,Great Britain,Hornsea-2,Wind,petroineos,2026-06-04 08:24:55.513189,920.8478773
2025-04-25,Great Britain,Pembroke-1,Gas,petroineos,2026-06-04 08:24:55.531654,5779.0
2025-04-25,Great Britain,Pembroke-2,Gas,petroineos,2026-06-04 08:24:55.531654,6165.0
2025-05-01,France,Blenod-5,Gas,petroineos,2026-06-04 08:12:43.463330,6599.0
2025-05-01,Great Britain,Hornsea-1,Wind,petroineos,2026-06-04 08:12:43.421902,592.9701317
2025-05-01,Great Britain,Hornsea-2,Wind,petroineos,2026-06-04 08:12:43.421902,209.0898501
2025-05-01,Great Britain,Pembroke-1,Gas,petroineos,2026-06-04 08:12:43.438941,8688.0
2025-05-01,Great Britain,Pembroke-2,Gas,petroineos,2026-06-04 08:12:43.438941,8609.0
2025-05-02,France,Blenod-5,Gas,petroineos,2026-06-04 08:12:43.463330,6379.0
2025-05-02,Great Britain,Hornsea-1,Wind,petroineos,2026-06-04 08:12:43.421902,947.2724751
2025-05-02,Great Britain,Hornsea-2,Wind,petroineos,2026-06-04 08:12:43.421902,299.4333519
2025-05-02,Great Britain,Pembroke-1,Gas,petroineos,2026-06-04 08:12:43.438941,6821.0
2025-05-02,Great Britain,Pembroke-2,Gas,petroineos,2026-06-04 08:12:43.438941,8005.0
2025-05-03,France,Blenod-5,Gas,petroineos,2026-06-04 08:12:43.463330,3274.0
2025-05-03,Great Britain,Hornsea-1,Wind,petroineos,2026-06-04 08:12:43.421902,-27.56
2025-05-03,Great Britain,Hornsea-2,Wind,petroineos,2026-06-04 08:12:43.421902,287.3622119
2025-05-03,Great Britain,Pembroke-1,Gas,petroineos,2026-06-04 08:12:43.438941,5118.0
2025-05-03,Great Britain,Pembroke-2,Gas,petroineos,2026-06-04 08:12:43.438941,7152.0
2025-05-04,France,Blenod-5,Gas,petroineos,2026-06-04 08:12:43.463330,4224.0
2025-05-04,Great Britain,Hornsea-1,Wind,petroineos,2026-06-04 08:12:43.421902,844.2810735
2025-05-04,Great Britain,Hornsea-2,Wind,petroineos,2026-06-04 08:12:43.421902,893.2220764
2025-05-04,Great Britain,Pembroke-1,Gas,petroineos,2026-06-04 08:12:43.438941,7006.0
2025-05-04,Great Britain,Pembroke-2,Gas,petroineos,2026-06-04 08:12:43.438941,6353.0
2025-06-01,France,Blenod-5,Gas,petroineos,2026-06-04 08:12:43.463330,6488.0
2025-06-01,Great Britain,Hornsea-1,Wind,petroineos,2026-06-04 08:12:43.421902,658.4689657
2025-06-01,Great Britain,Hornsea-2,Wind,petroineos,2026-06-04 08:12:43.421902,20.68262001
2025-06-01,Great Britain,Pembroke-1,Gas,petroineos,2026-06-04 08:12:43.438941,7458.0
2025-06-01,Great Britain,Pembroke-2,Gas,petroineos,2026-06-04 08:12:43.438941,8400.0
2025-06-02,France,Blenod-5,Gas,petroineos,2026-06-04 08:12:43.463330,6360.0
2025-06-02,Great Britain,Hornsea-1,Wind,petroineos,2026-06-04 08:12:43.421902,289.6618711
2025-06-02,Great Britain,Hornsea-2,Wind,petroineos,2026-06-04 08:12:43.421902,573.6922328
2025-06-02,Great Britain,Pembroke-1,Gas,petroineos,2026-06-04 08:12:43.438941,5107.0
2025-06-02,Great Britain,Pembroke-2,Gas,petroineos,2026-06-04 08:12:43.438941,5491.0
2025-06-03,France,Blenod-5,Gas,petroineos,2026-06-04 08:12:43.463330,5141.0
2025-06-03,Great Britain,Hornsea-1,Wind,petroineos,2026-06-04 08:12:43.421902,328.0702
2025-06-03,Great Britain,Hornsea-2,Wind,petroineos,2026-06-04 08:12:43.421902,883.529801
2025-06-03,Great Britain,Pembroke-1,Gas,petroineos,2026-06-04 08:12:43.438941,6422.0
2025-06-03,Great Britain,Pembroke-2,Gas,petroineos,2026-06-04 08:12:43.438941,7674.0
2025-06-04,France,Blenod-5,Gas,petroineos,2026-06-04 08:12:43.463330,3433.0
2025-06-04,Great Britain,Hornsea-1,Wind,petroineos,2026-06-04 08:12:43.421902,146.3377723
2025-06-04,Great Britain,Hornsea-2,Wind,petroineos,2026-06-04 08:12:43.421902,533.4870565
2025-06-04,Great Britain,Pembroke-1,Gas,petroineos,2026-06-04 08:12:43.438941,7375.0
2025-06-04,Great Britain,Pembroke-2,Gas,petroineos,2026-06-04 08:12:43.438941,5975.0
2025-07-01,France,Blenod-5,Gas,petroineos,2026-06-04 08:12:43.463330,3206.0
2025-07-01,Great Britain,Hornsea-1,Wind,petroineos,2026-06-04 08:12:43.421902,310.5063394
2025-07-01,Great Britain,Hornsea-2,Wind,petroineos,2026-06-04 08:12:43.421902,631.2228633
2025-07-01,Great Britain,Pembroke-1,Gas,petroineos,2026-06-04 08:12:43.438941,8964.0
2025-07-01,Great Britain,Pembroke-2,Gas,petroineos,2026-06-04 08:12:43.438941,7797.0
2025-07-02,France,Blenod-5,Gas,petroineos,2026-06-04 08:12:43.463330,3174.0
2025-07-02,Great Britain,Hornsea-1,Wind,petroineos,2026-06-04 08:12:43.421902,221.0476732
2025-07-02,Great Britain,Hornsea-2,Wind,petroineos,2026-06-04 08:12:43.421902,540.8672796
2025-07-02,Great Britain,Pembroke-1,Gas,petroineos,2026-06-04 08:12:43.438941,7346.0
2025-07-02,Great Britain,Pembroke-2,Gas,petroineos,2026-06-04 08:12:43.438941,8717.0
2025-07-03,France,Blenod-5,Gas,petroineos,2026-06-04 08:12:43.463330,5811.0
2025-07-03,Great Britain,Hornsea-1,Wind,petroineos,2026-06-04 08:12:43.421902,167.4199017
2025-07-03,Great Britain,Hornsea-2,Wind,petroineos,2026-06-04 08:12:43.421902,107.6494787
2025-07-03,Great Britain,Pembroke-1,Gas,petroineos,2026-06-04 08:12:43.438941,5171.0
2025-07-03,Great Britain,Pembroke-2,Gas,petroineos,2026-06-04 08:12:43.438941,8545.0
2025-07-04,France,Blenod-5,Gas,petroineos,2026-06-04 08:12:43.463330,6260.0
2025-07-04,Great Britain,Hornsea-1,Wind,petroineos,2026-06-04 08:12:43.421902,150.2457996
2025-07-04,Great Britain,Hornsea-2,Wind,petroineos,2026-06-04 08:12:43.421902,151.7608346
2025-07-04,Great Britain,Pembroke-1,Gas,petroineos,2026-06-04 08:12:43.438941,8292.0
2025-07-04,Great Britain,Pembroke-2,Gas,petroineos,2026-06-04 08:12:43.438941,5226.0
2025-08-01,France,Blenod-5,Gas,petroineos,2026-06-04 08:12:43.463330,3088.0
2025-08-01,Great Britain,Hornsea-1,Wind,petroineos,2026-06-04 08:12:43.421902,850.0423588
2025-08-01,Great Britain,Hornsea-2,Wind,petroineos,2026-06-04 08:12:43.421902,65.98452114
2025-08-01,Great Britain,Pembroke-1,Gas,petroineos,2026-06-04 08:12:43.438941,7587.0
2025-08-01,Great Britain,Pembroke-2,Gas,petroineos,2026-06-04 08:12:43.438941,6490.0
2025-08-02,France,Blenod-5,Gas,petroineos,2026-06-04 08:12:43.463330,4236.0
2025-08-02,Great Britain,Hornsea-1,Wind,petroineos,2026-06-04 08:12:43.421902,204.2951
2025-08-02,Great Britain,Hornsea-2,Wind,petroineos,2026-06-04 08:12:43.421902,842.2940152
2025-08-02,Great Britain,Pembroke-1,Gas,petroineos,2026-06-04 08:12:43.438941,5281.0
2025-08-02,Great Britain,Pembroke-2,Gas,petroineos,2026-06-04 08:12:43.438941,7887.0
2025-08-03,France,Blenod-5,Gas,petroineos,2026-06-04 08:12:43.463330,4294.0
2025-08-03,Great Britain,Hornsea-1,Wind,petroineos,2026-06-04 08:12:43.421902,698.2547517
2025-08-03,Great Britain,Hornsea-2,Wind,petroineos,2026-06-04 08:12:43.421902,617.6875862
2025-08-03,Great Britain,Pembroke-1,Gas,petroineos,2026-06-04 08:12:43.438941,6735.0
2025-08-03,Great Britain,Pembroke-2,Gas,petroineos,2026-06-04 08:12:43.438941,7678.0
2025-08-04,France,Blenod-5,Gas,petroineos,2026-06-04 08:12:43.463330,3231.0
2025-08-04,Great Britain,Hornsea-1,Wind,petroineos,2026-06-04 08:12:43.421902,429.8082196
2025-08-04,Great Britain,Hornsea-2,Wind,petroineos,2026-06-04 08:12:43.421902,452.6935932
2025-08-04,Great Britain,Pembroke-1,Gas,petroineos,2026-06-04 08:12:43.438941,8814.0
2025-08-04,Great Britain,Pembroke-2,Gas,petroineos,2026-06-04 08:12:43.438941,7335.0
2025-09-01,France,Blenod-5,Gas,petroineos,2026-06-04 08:12:43.463330,4882.0
2025-09-01,Great Britain,Hornsea-1,Wind,petroineos,2026-06-04 08:12:43.421902,721.313705
2025-09-01,Great Britain,Hornsea-2,Wind,petroineos,2026-06-04 08:12:43.421902,844.8679174
2025-09-01,Great Britain,Pembroke-1,Gas,petroineos,2026-06-04 08:12:43.438941,6524.0
2025-09-01,Great Britain,Pembroke-2,Gas,petroineos,2026-06-04 08:12:43.438941,6258.0
2025-09-02,France,Blenod-5,Gas,petroineos,2026-06-04 08:12:43.463330,6501.0
2025-09-02,Great Britain,Hornsea-1,Wind,petroineos,2026-06-04 08:12:43.421902,61.19720392
2025-09-02,Great Britain,Hornsea-2,Wind,petroineos,2026-06-04 08:12:43.421902,39.94906178
2025-09-02,Great Britain,Pembroke-1,Gas,petroineos,2026-06-04 08:12:43.438941,5442.0
2025-09-02,Great Britain,Pembroke-2,Gas,petroineos,2026-06-04 08:12:43.438941,8436.0
2025-09-03,France,Blenod-5,Gas,petroineos,2026-06-04 08:12:43.463330,3367.0
2025-09-03,Great Britain,Hornsea-1,Wind,petroineos,2026-06-04 08:12:43.421902,445.2617969
2025-09-03,Great Britain,Hornsea-2,Wind,petroineos,2026-06-04 08:12:43.421902,735.3782237
2025-09-03,Great Britain,Pembroke-1,Gas,petroineos,2026-06-04 08:12:43.438941,7716.0
2025-09-03,Great Britain,Pembroke-2,Gas,petroineos,2026-06-04 08:12:43.438941,5584.0
2025-09-04,France,Blenod-5,Gas,petroineos,2026-06-04 08:12:43.463330,6362.0
2025-09-04,Great Britain,Hornsea-1,Wind,petroineos,2026-06-04 08:12:43.421902,664.1529795
2025-09-04,Great Britain,Hornsea-2,Wind,petroineos,2026-06-04 08:12:43.421902,67.21231593
2025-09-04,Great Britain,Pembroke-1,Gas,petroineos,2026-06-04 08:12:43.438941,5966.0
2025-09-04,Great Britain,Pembroke-2,Gas,petroineos,2026-06-04 08:12:43.438941,8769.0
2025-10-01,France,Blenod-5,Gas,petroineos,2026-06-04 08:12:43.463330,6281.0
2025-10-01,Great Britain,Hornsea-1,Wind,petroineos,2026-06-04 08:12:43.421902,703.4330106
2025-10-01,Great Britain,Hornsea-2,Wind,petroineos,2026-06-04 08:12:43.421902,667.6867869
2025-10-01,Great Britain,Pembroke-1,Gas,petroineos,2026-06-04 08:12:43.438941,6184.0
2025-10-01,Great Britain,Pembroke-2,Gas,petroineos,2026-06-04 08:12:43.438941,6299.0
2025-10-02,France,Blenod-5,Gas,petroineos,2026-06-04 08:12:43.463330,3470.0
2025-10-02,Great Britain,Hornsea-1,Wind,petroineos,2026-06-04 08:12:43.421902,909.5466509
2025-10-02,Great Britain,Hornsea-2,Wind,petroineos,2026-06-04 08:12:43.421902,186.7803907
2025-10-02,Great Britain,Pembroke-1,Gas,petroineos,2026-06-04 08:12:43.438941,6855.0
2025-10-02,Great Britain,Pembroke-2,Gas,petroineos,2026-06-04 08:12:43.438941,6977.0
2025-10-03,France,Blenod-5,Gas,petroineos,2026-06-04 08:12:43.463330,6754.0
2025-10-03,Great Britain,Hornsea-1,Wind,petroineos,2026-06-04 08:12:43.421902,819.6163675
2025-10-03,Great Britain,Hornsea-2,Wind,petroineos,2026-06-04 08:12:43.421902,378.6810322
2025-10-03,Great Britain,Pembroke-1,Gas,petroineos,2026-06-04 08:12:43.438941,5958.0
2025-10-03,Great Britain,Pembroke-2,Gas,petroineos,2026-06-04 08:12:43.438941,8069.0
2025-10-04,France,Blenod-5,Gas,petroineos,2026-06-04 08:12:43.463330,5917.0
2025-10-04,Great Britain,Hornsea-1,Wind,petroineos,2026-06-04 08:12:43.421902,209.5268529
2025-10-04,Great Britain,Hornsea-2,Wind,petroineos,2026-06-04 08:12:43.421902,38.94811069
2025-10-04,Great Britain,Pembroke-1,Gas,petroineos,2026-06-04 08:12:43.438941,7926.0
2025-10-04,Great Britain,Pembroke-2,Gas,petroineos,2026-06-04 08:12:43.438941,7833.0
2025-11-01,France,Blenod-5,Gas,petroineos,2026-06-04 08:12:43.463330,4357.0
2025-11-01,Great Britain,Hornsea-1,Wind,petroineos,2026-06-04 08:12:43.421902,503.2789266
2025-11-01,Great Britain,Hornsea-2,Wind,petroineos,2026-06-04 08:12:43.421902,872.7080854
2025-11-01,Great Britain,Pembroke-1,Gas,petroineos,2026-06-04 08:12:43.438941,7709.0
2025-11-01,Great Britain,Pembroke-2,Gas,petroineos,2026-06-04 08:12:43.438941,8018.0
2025-11-02,France,Blenod-5,Gas,petroineos,2026-06-04 08:12:43.463330,5924.0
2025-11-02,Great Britain,Hornsea-1,Wind,petroineos,2026-06-04 08:12:43.421902,426.0437946
2025-11-02,Great Britain,Hornsea-2,Wind,petroineos,2026-06-04 08:12:43.421902,700.3394208
2025-11-02,Great Britain,Pembroke-1,Gas,petroineos,2026-06-04 08:12:43.438941,5821.0
2025-11-02,Great Britain,Pembroke-2,Gas,petroineos,2026-06-04 08:12:43.438941,7455.0
2025-11-03,France,Blenod-5,Gas,petroineos,2026-06-04 08:12:43.463330,5317.0
2025-11-03,Great Britain,Hornsea-1,Wind,petroineos,2026-06-04 08:12:43.421902,301.8312826
2025-11-03,Great Britain,Hornsea-2,Wind,petroineos,2026-06-04 08:12:43.421902,263.3745022
2025-11-03,Great Britain,Pembroke-1,Gas,petroineos,2026-06-04 08:12:43.438941,5737.0
2025-11-03,Great Britain,Pembroke-2,Gas,petroineos,2026-06-04 08:12:43.438941,8278.0
2025-11-04,France,Blenod-5,Gas,petroineos,2026-06-04 08:12:43.463330,3156.0
2025-11-04,Great Britain,Hornsea-1,Wind,petroineos,2026-06-04 08:12:43.421902,524.5408573
2025-11-04,Great Britain,Hornsea-2,Wind,petroineos,2026-06-04 08:12:43.421902,439.3113748
2025-11-04,Great Britain,Pembroke-1,Gas,petroineos,2026-06-04 08:12:43.438941,7361.0
2025-11-04,Great Britain,Pembroke-2,Gas,petroineos,2026-06-04 08:12:43.438941,5911.0
2025-12-01,France,Blenod-5,Gas,petroineos,2026-06-04 08:12:43.463330,4023.0
2025-12-01,Great Britain,Hornsea-1,Wind,petroineos,2026-06-04 08:12:43.421902,585.5173323
2025-12-01,Great Britain,Hornsea-2,Wind,petroineos,2026-06-04 08:12:43.421902,429.5695168
2025-12-01,Great Britain,Pembroke-1,Gas,petroineos,2026-06-04 08:12:43.438941,6249.0
2025-12-01,Great Britain,Pembroke-2,Gas,petroineos,2026-06-04 08:12:43.438941,6381.0
2025-12-02,France,Blenod-5,Gas,petroineos,2026-06-04 08:12:43.463330,3699.0
2025-12-02,Great Britain,Hornsea-1,Wind,petroineos,2026-06-04 08:12:43.421902,775.3237024
2025-12-02,Great Britain,Hornsea-2,Wind,petroineos,2026-06-04 08:12:43.421902,57.23550471
2025-12-02,Great Britain,Pembroke-1,Gas,petroineos,2026-06-04 08:12:43.438941,5652.0
2025-12-02,Great Britain,Pembroke-2,Gas,petroineos,2026-06-04 08:12:43.438941,6599.0
2025-12-03,France,Blenod-5,Gas,petroineos,2026-06-04 08:12:43.463330,3816.0
2025-12-03,Great Britain,Hornsea-1,Wind,petroineos,2026-06-04 08:12:43.421902,327.5683712
2025-12-03,Great Britain,Hornsea-2,Wind,petroineos,2026-06-04 08:12:43.421902,905.4216419
2025-12-03,Great Britain,Pembroke-1,Gas,petroineos,2026-06-04 08:12:43.438941,7492.0
2025-12-03,Great Britain,Pembroke-2,Gas,petroineos,2026-06-04 08:12:43.438941,8080.0
2025-12-04,France,Blenod-5,Gas,petroineos,2026-06-04 08:12:43.463330,3804.0
2025-12-04,Great Britain,Hornsea-1,Wind,petroineos,2026-06-04 08:12:43.421902,157.6280239
2025-12-04,Great Britain,Hornsea-2,Wind,petroineos,2026-06-04 08:12:43.421902,334.1764145
2025-12-04,Great Britain,Pembroke-1,Gas,petroineos,2026-06-04 08:12:43.438941,7084.0
2025-12-04,Great Britain,Pembroke-2,Gas,petroineos,2026-06-04 08:12:43.438941,8352.0
